first_name,last_name,email,street_address,job_title,country,language
Norine,Shaplin,nshaplin0@google.cn,71181 International Junction,Technical Writer,Greece,Sundanese
Filberte,Polye,fpolye1@amazon.co.jp,9 Ilene Pass,Structural Engineer,Portugal,Ojibwa
Bertrando,Busek,bbusek2@google.co.uk,704 Service Terrace,Media Manager II,Poland,Zulu
Skipton,Phipps,sphipps3@hibu.com,8 Corben Way,Senior Editor,Poland,Marshallese
Abner,Willowby,awillowby4@storify.com,62908 Russell Avenue,Junior Executive,Indonesia,Bashkir
Clary,Drillingcourt,cdrillingcourt5@google.it,97820 Elka Plaza,Accounting Assistant I,China,Macedonian
Pen,Posnette,pposnette6@yelp.com,0003 Fair Oaks Center,Graphic Designer,Indonesia,Latvian
Eldredge,Enoksson,eenoksson7@liveinternet.ru,1702 Express Crossing,Biostatistician IV,Pakistan,Hiri Motu
Nadean,Simmons,nsimmons8@who.int,7865 Karstens Hill,Senior Sales Associate,Philippines,Indonesian
Minor,Baine,mbaine9@people.com.cn,520 Center Pass,Operator,Croatia,Manx
Catherine,Pendre,cpendrea@de.vu,507 Roth Alley,Executive Secretary,Poland,Burmese
Lizzy,Curm,lcurmb@blog.com,8 Sheridan Hill,VP Sales,Sweden,Quechua
Shirlene,Igounet,sigounetc@blinklist.com,06 Derek Street,Safety Technician III,Poland,Rundi
Avictor,Starkie,astarkied@symantec.com,0503 Darwin Way,Sales Associate,United States,Polish
Prudi,Cogswell,pcogswelle@epa.gov,59 2nd Way,Safety Technician I,Argentina,Vietnamese
Nanon,Goreisr,ngoreisrf@springer.com,0 Westend Park,Staff Scientist,China,Turkish
Anabella,Scorah,ascorahg@prnewswire.com,1 Farragut Street,Director of Sales,Colombia,Kalaallisut
Robbie,Vasic,rvasich@answers.com,15627 Dovetail Terrace,Compensation Analyst,Serbia,Sanskrit
Ulysses,Furley,ufurleyi@creativecommons.org,728 Norway Maple Pass,Nuclear Power Engineer,Ukraine,Sinhala
Pablo,Dron,pdronj@un.org,97 Clove Drive,Programmer Analyst III,Indonesia,"Ndebele, South"
Ernestine,Douberday,edouberdayk@360.cn,86057 Lunder Street,Quality Engineer,China,Dutch
Tremayne,Sabathier,tsabathierl@go.com,32888 Mallard Lane,Account Executive,Mauritius,Avaric
Charlot,Pentecost,cpentecostm@mapquest.com,828 Upham Parkway,Analyst Programmer,Uganda,Chinese
Pattin,Henker,phenkern@usgs.gov,3291 Heffernan Parkway,Nurse,Thailand,Occitan (post 1500)
Jamill,Monger,jmongero@topsy.com,8 Jenifer Hill,Health Coach III,Thailand,Romansh
Magnum,Dumbleton,mdumbletonp@vkontakte.ru,7 Marcy Hill,Research Associate,Morocco,Tswana
Brose,Foggarty,bfoggartyq@stumbleupon.com,2 Manley Plaza,Actuary,China,Pali
Aleen,Vasilyevski,avasilyevskir@telegraph.co.uk,709 Hanson Place,Cost Accountant,Thailand,Swahili
Manda,Granville,mgranvilles@weibo.com,37 Homewood Trail,Geologist I,Vietnam,Azerbaijani
Lemuel,McCandless,lmccandlesst@csmonitor.com,6 Doe Crossing Drive,Tax Accountant,Philippines,Breton
Robinia,Ollive,rolliveu@cargocollective.com,50 Pine View Court,Assistant Professor,Philippines,Sundanese
Carolin,Haseman,chasemanv@angelfire.com,0 Hauk Crossing,Assistant Manager,Guatemala,Italian
Zia,Bailess,zbailessw@cyberchimps.com,00 Nelson Pass,Database Administrator II,Norway,Ndonga
Ilka,De la Eglise,idelaeglisex@posterous.com,580 Crescent Oaks Avenue,Financial Analyst,Jamaica,Icelandic
Lilias,Beckles,lbecklesy@tiny.cc,34437 Laurel Hill,General Manager,Syria,Sundanese
Fee,Stroband,fstrobandz@networksolutions.com,65927 Portage Terrace,Software Consultant,Russia,Zhuang
Zara,Cattanach,zcattanach10@deliciousdays.com,6 Clyde Gallagher Pass,Paralegal,Serbia,Mongolian
Adamo,Kenwood,akenwood11@studiopress.com,38452 Gale Crossing,Recruiter,China,Chamorro
Kizzee,Fordyce,kfordyce12@va.gov,91 Comanche Avenue,Senior Developer,South Africa,Limburgan
Lucine,St. Paul,lstpaul13@blogspot.com,60 Canary Park,Graphic Designer,Vietnam,Somali
Lesly,Baskeyfied,lbaskeyfied14@ycombinator.com,035 Kingsford Place,Legal Assistant,Kenya,Hindi
Brent,Tansley,btansley15@whitehouse.gov,4 Blaine Court,Speech Pathologist,Portugal,Quechua
Tarrah,Southcombe,tsouthcombe16@qq.com,21 Alpine Pass,Marketing Manager,China,Croatian
Desi,Dyers,ddyers17@artisteer.com,0 Badeau Drive,Recruiter,China,Norwegian Nynorsk
Tobe,O'Gorman,togorman18@msu.edu,03 Ronald Regan Avenue,Quality Control Specialist,Belarus,Occitan (post 1500)
Robbi,Gregolotti,rgregolotti19@boston.com,905 Surrey Point,Assistant Manager,China,Hungarian
Rem,Ferrai,rferrai1a@state.tx.us,204 Express Hill,Sales Associate,Indonesia,Kazakh
Evangelina,Lodder,elodder1b@odnoklassniki.ru,98392 Susan Street,Payment Adjustment Coordinator,China,Divehi
Barret,Duffree,bduffree1c@google.co.uk,53 Forest Circle,Product Engineer,Japan,Quechua
Nicholas,Striker,nstriker1d@printfriendly.com,83921 Charing Cross Way,Chemical Engineer,China,Oriya
Janos,Buckingham,jbuckingham1e@ycombinator.com,767 Rusk Court,Registered Nurse,Greece,Danish
Dania,Briat,dbriat1f@weather.com,1630 Fallview Park,Budget/Accounting Analyst III,Macedonia,Armenian
Archer,Oxlade,aoxlade1g@geocities.jp,9709 Kings Center,Senior Editor,Serbia,Afrikaans
Carita,Standen,cstanden1h@uiuc.edu,48 Beilfuss Pass,Speech Pathologist,United States,Portuguese
Bernice,Manwell,bmanwell1i@blinklist.com,69 Monica Avenue,Senior Sales Associate,China,Portuguese
Torry,Dawes,tdawes1j@tinypic.com,61 Oakridge Center,Assistant Manager,China,French
Paxon,Depke,pdepke1k@huffingtonpost.com,2843 Red Cloud Plaza,Pharmacist,Indonesia,Kurdish
Rahel,Durn,rdurn1l@foxnews.com,99791 Moland Terrace,Speech Pathologist,Philippines,Hindi
Isa,Keyhoe,ikeyhoe1m@paypal.com,8 Cherokee Place,Developer III,Costa Rica,Hindi
Renaldo,Ughetti,rughetti1n@delicious.com,815 Cordelia Parkway,Senior Quality Engineer,China,Ganda
Annelise,Keggin,akeggin1o@army.mil,6 Harper Pass,Dental Hygienist,China,Tsonga
Karla,Scourfield,kscourfield1p@shareasale.com,232 Bluejay Crossing,Research Assistant II,Czech Republic,"Ndebele, South"
Shelba,Matsell,smatsell1q@fotki.com,22 Glendale Street,Sales Associate,Pakistan,Panjabi
Editha,Batterson,ebatterson1r@tripadvisor.com,3200 Bunker Hill Court,Software Engineer II,China,Tonga (Tonga Islands)
Barron,Aliberti,baliberti1s@t.co,2291 Tomscot Point,Senior Quality Engineer,Portugal,Hindi
Roger,Tomsu,rtomsu1t@multiply.com,1794 Weeping Birch Circle,Occupational Therapist,Portugal,Kuanyama
Julietta,Penman,jpenman1u@ow.ly,0 Lyons Drive,Librarian,Indonesia,Lithuanian
Sylvester,Farrell,sfarrell1v@fastcompany.com,534 American Ash Alley,Professor,Denmark,Ukrainian
Palm,Posvner,pposvner1w@unc.edu,50 Washington Way,Help Desk Operator,Cameroon,Gujarati
Kellyann,Willans,kwillans1x@blogspot.com,44 Scoville Alley,Cost Accountant,Russia,Sundanese
Alvinia,Aleso,aaleso1y@jimdo.com,61 Hallows Center,Environmental Tech,China,Gujarati
Patience,Jayme,pjayme1z@weibo.com,370 Donald Crossing,Programmer III,Germany,Tatar
Ilka,Gooderson,igooderson20@hc360.com,107 Thierer Lane,Junior Executive,Sweden,Ossetian
Nanette,Robberecht,nrobberecht21@squidoo.com,20 Fisk Court,Social Worker,United States,Turkmen
Yorke,Raye,yraye22@goo.gl,7 Talmadge Junction,Operator,France,Norwegian
Fania,Horder,fhorder23@123-reg.co.uk,11662 Kingsford Pass,Nurse,France,Macedonian
Malva,Learmouth,mlearmouth24@sina.com.cn,31 Debra Crossing,Geologist II,Mongolia,Samoan
Benoit,Millam,bmillam25@usa.gov,6 Brown Lane,Associate Professor,Sweden,Pali
Elora,Midner,emidner26@wp.com,51 Forest Terrace,Human Resources Assistant IV,Mongolia,Finnish
Quinlan,Bartholomew,qbartholomew27@ca.gov,984 Vernon Avenue,Engineer III,United States,Cornish
Amber,Greatorex,agreatorex28@vk.com,20730 Sullivan Park,Occupational Therapist,Albania,"Ndebele, North"
Lotta,Cosgrave,lcosgrave29@yellowbook.com,6 Chinook Terrace,Web Designer I,Poland,Marshallese
Caron,Gregore,cgregore2a@devhub.com,942 Pond Crossing,Assistant Media Planner,Slovenia,Inuktitut
Fielding,Ekell,fekell2b@google.pl,2463 Butternut Circle,Statistician IV,Brazil,Zhuang
Port,Jeens,pjeens2c@google.co.uk,3 Kennedy Drive,Physical Therapy Assistant,Israel,Herero
Martino,Kaiser,mkaiser2d@blinklist.com,13639 Westend Road,Analyst Programmer,Mongolia,Kinyarwanda
Panchito,Purry,ppurry2e@mozilla.com,677 Maple Wood Crossing,VP Sales,Indonesia,Nepali
Jinny,Worwood,jworwood2f@canalblog.com,26724 Hanson Drive,Account Representative I,China,Vietnamese
Abran,Kuna,akuna2g@smugmug.com,0091 Tony Parkway,Product Engineer,Russia,Nauru
Aldis,Scone,ascone2h@home.pl,8950 Leroy Way,Recruiter,China,Sardinian
Menard,Sedgefield,msedgefield2i@gov.uk,49111 Loftsgordon Drive,Software Engineer II,Indonesia,Ido
Earl,Lowndesbrough,elowndesbrough2j@github.io,80943 Sutteridge Trail,Systems Administrator III,Philippines,Catalan
Malorie,Spillett,mspillett2k@sciencedirect.com,3 Homewood Point,Sales Representative,Argentina,"Ndebele, North"
Katine,Feeney,kfeeney2l@typepad.com,45 Moland Trail,Registered Nurse,Ireland,"Greek, Modern (1453-)"
Murray,Atkin,matkin2m@ask.com,05 Graedel Terrace,Junior Executive,Serbia,Igbo
Gates,Snalham,gsnalham2n@usgs.gov,78833 Barby Park,Food Chemist,Poland,Kannada
Berty,Weatherburn,bweatherburn2o@friendfeed.com,018 Annamark Avenue,Research Nurse,Argentina,Venda
Alexine,Fotheringham,afotheringham2p@dailymail.co.uk,72183 Golf View Center,Account Representative II,Russia,Tajik
Millicent,Vynarde,mvynarde2q@networkadvertising.org,74165 Hoepker Terrace,Nuclear Power Engineer,Thailand,Yoruba
Joshuah,Dunlap,jdunlap2r@is.gd,27218 Hazelcrest Avenue,Senior Sales Associate,China,Vietnamese
Verne,Gallymore,vgallymore2s@stanford.edu,145 Carpenter Way,VP Product Management,China,Faroese
Samara,Treen,streen2t@wix.com,363 Comanche Junction,Nurse,China,Estonian
Jermayne,Brownell,jbrownell2u@addthis.com,2931 Nancy Alley,GIS Technical Architect,Brazil,English
Sully,Grebbin,sgrebbin2v@people.com.cn,96 Northwestern Way,Software Consultant,Colombia,Ganda
Janice,Orrow,jorrow2w@virginia.edu,6505 Jana Alley,Pharmacist,Sweden,Uzbek
Cory,Brahams,cbrahams2x@state.gov,43516 8th Court,Director of Sales,Cuba,Irish
Charles,Killough,ckillough2y@live.com,54 Morningstar Junction,Compensation Analyst,Iran,Komi
Toddie,Antonio,tantonio2z@weibo.com,917 Homewood Avenue,Senior Developer,Indonesia,Hungarian
Hally,Pecht,hpecht30@usnews.com,5 Hooker Street,Quality Control Specialist,Serbia,Hebrew
Alfredo,Kilmister,akilmister31@php.net,5 Hovde Way,Nurse Practicioner,Philippines,Norwegian Nynorsk
Laurens,Guiness,lguiness32@tripod.com,83 Goodland Point,Legal Assistant,Indonesia,Spanish
Avrit,Pearcehouse,apearcehouse33@hibu.com,14259 Brickson Park Place,Office Assistant II,Spain,Tibetan
Chet,Sharply,csharply34@cnet.com,79 Division Avenue,Assistant Professor,Mauritius,Sango
Natividad,Burbidge,nburbidge35@wix.com,10057 Northport Circle,Editor,Russia,Sinhala
Anett,D' Angelo,adangelo36@rakuten.co.jp,94222 Luster Junction,Graphic Designer,Russia,Lingala
Dillon,Brewett,dbrewett37@tiny.cc,1419 Village Green Road,Speech Pathologist,Cuba,Bashkir
Fifi,Stanmore,fstanmore38@about.com,3 Tennessee Junction,Librarian,Nepal,Occitan (post 1500)
Elnar,Mansbridge,emansbridge39@netvibes.com,451 Mallard Hill,Safety Technician I,China,Danish
Pincas,Iverson,piverson3a@yale.edu,0620 Tennyson Terrace,Food Chemist,China,Dzongkha
Will,Besset,wbesset3b@blogspot.com,3508 Ilene Center,Junior Executive,Uganda,Oromo
Thorin,Shallow,tshallow3c@flickr.com,29640 Sullivan Hill,Food Chemist,Sweden,French
Graeme,Grinikhin,ggrinikhin3d@flickr.com,21256 School Plaza,Cost Accountant,Mexico,Persian
Montgomery,Yancey,myancey3e@sohu.com,73722 Haas Avenue,Administrative Assistant I,Indonesia,Bengali
Ernesto,Butchard,ebutchard3f@yale.edu,339 Del Sol Alley,Software Test Engineer III,Nigeria,Hindi
Nye,Birtwell,nbirtwell3g@i2i.jp,473 Hoard Parkway,Compensation Analyst,Philippines,Fijian
Westbrooke,Brimmell,wbrimmell3h@over-blog.com,85539 Red Cloud Parkway,Senior Editor,Ukraine,Avaric
Nell,Innerstone,ninnerstone3i@theatlantic.com,47 Maple Plaza,Software Consultant,Jamaica,Welsh
Khalil,Dwelley,kdwelley3j@geocities.com,51 Nobel Street,Technical Writer,Sweden,Kuanyama
Felicdad,Tittletross,ftittletross3k@hostgator.com,2359 Cottonwood Park,Recruiter,Libya,Malay
Dela,Ashling,dashling3l@cam.ac.uk,61802 Hudson Court,Business Systems Development Analyst,Poland,Pali
Ruprecht,Syddall,rsyddall3m@so-net.ne.jp,984 Caliangt Hill,Product Engineer,Indonesia,Kalaallisut
Coop,Beaconsall,cbeaconsall3n@clickbank.net,145 Prairie Rose Center,Research Assistant IV,Ukraine,Indonesian
Deidre,Skeath,dskeath3o@paypal.com,0 Hansons Hill,Web Designer II,Indonesia,Aragonese
Randee,Bickersteth,rbickersteth3p@answers.com,34 Kennedy Terrace,Civil Engineer,Afghanistan,Arabic
Matthew,Scarf,mscarf3q@joomla.org,8 Donald Park,Accountant II,Indonesia,Ossetian
Gabbi,Langstaff,glangstaff3r@ycombinator.com,7747 Ohio Hill,Statistician III,China,Afar
Cecile,Simoneau,csimoneau3s@gizmodo.com,51117 Old Gate Alley,Administrative Officer,Indonesia,Akan
Winnah,Woodroofe,wwoodroofe3t@4shared.com,6 Moland Crossing,Research Associate,China,Ndonga
Sophia,Jacomb,sjacomb3u@ucla.edu,026 Elmside Court,Payment Adjustment Coordinator,Peru,Yiddish
Sylvan,Chedgey,schedgey3v@ustream.tv,79 Sugar Plaza,Research Assistant IV,Cuba,Bosnian
Joey,Szymoni,jszymoni3w@desdev.cn,02 Stephen Plaza,Speech Pathologist,United States,English
Tasha,Furlow,tfurlow3x@nytimes.com,16 New Castle Place,Product Engineer,Costa Rica,Pali
Norrie,Luckes,nluckes3y@oracle.com,93 Colorado Crossing,Chemical Engineer,Indonesia,Croatian
Audrey,Cabel,acabel3z@blogger.com,2 Barby Plaza,Nurse Practicioner,Colombia,Twi
Minny,Ordidge,mordidge40@phoca.cz,21 3rd Crossing,Assistant Professor,Mexico,Serbian
Ramonda,Dacca,rdacca41@phoca.cz,7584 Grasskamp Street,VP Accounting,Russia,Uzbek
Angelo,Aymes,aaymes42@4shared.com,6712 Nelson Drive,Executive Secretary,Libya,Samoan
Jefferey,Churchward,jchurchward43@washingtonpost.com,63371 Dorton Drive,Occupational Therapist,China,Shona
Becka,Feaveer,bfeaveer44@geocities.com,620 Summerview Point,Staff Accountant IV,Portugal,Hiri Motu
Isobel,Thaine,ithaine45@shop-pro.jp,92 Tomscot Drive,Financial Advisor,Kenya,Spanish
Margo,Hammerich,mhammerich46@elpais.com,1618 Almo Terrace,Pharmacist,Brazil,Norwegian Nynorsk
Zita,Shepard,zshepard47@amazon.com,8 Stephen Court,Research Assistant II,China,Kinyarwanda
Lamar,Klaaasen,lklaaasen48@sfgate.com,68 Caliangt Way,Health Coach II,Philippines,Rundi
Johnathan,Cardoo,jcardoo49@nasa.gov,73 Kenwood Terrace,Human Resources Assistant IV,China,Occitan (post 1500)
Doralynne,Allabush,dallabush4a@networkadvertising.org,03 Ryan Center,Senior Quality Engineer,Georgia,Luba-Katanga
Yevette,Stoner,ystoner4b@nationalgeographic.com,1208 Garrison Avenue,Marketing Assistant,Portugal,Latvian
Gerti,Dakin,gdakin4c@cisco.com,8512 Clemons Crossing,Software Engineer I,China,Lao
Starlene,Whawell,swhawell4d@storify.com,8251 Carey Circle,Social Worker,Greece,Luba-Katanga
Darren,McOwen,dmcowen4e@blogger.com,25405 Michigan Avenue,Systems Administrator IV,China,Oromo
Patin,Grigg,pgrigg4f@washingtonpost.com,637 Esch Center,Desktop Support Technician,China,Urdu
Silvano,Niset,sniset4g@flavors.me,4702 Badeau Road,Compensation Analyst,Bahrain,Bulgarian
Camel,Nornasell,cnornasell4h@engadget.com,6277 Butternut Pass,Accountant I,Canada,"Sotho, Southern"
Petronilla,Randalston,prandalston4i@samsung.com,262 Thackeray Court,Quality Engineer,China,Northern Sami
Nataline,Springtorpe,nspringtorpe4j@flickr.com,5 Mallory Crossing,Safety Technician II,Indonesia,Italian
Prent,Whistlecroft,pwhistlecroft4k@tiny.cc,75 Cottonwood Drive,Statistician III,Philippines,Bashkir
Odell,Suttill,osuttill4l@tripod.com,546 Alpine Place,Technical Writer,Thailand,Chechen
Abba,Jankowski,ajankowski4m@unicef.org,976 Eliot Alley,GIS Technical Architect,Vietnam,Xhosa
Nancie,Trobridge,ntrobridge4n@ask.com,99287 Iowa Avenue,Nuclear Power Engineer,Indonesia,Navajo
Nahum,Junifer,njunifer4o@nba.com,4759 8th Hill,Geological Engineer,Indonesia,Armenian
Pauletta,Eckley,peckley4p@wikia.com,962 Old Shore Trail,Director of Sales,Morocco,Lithuanian
Alberik,Nijs,anijs4q@latimes.com,07 Messerschmidt Center,Analog Circuit Design manager,Argentina,Akan
Winnie,Lindell,wlindell4r@elegantthemes.com,14 Monica Street,Senior Financial Analyst,Egypt,Tigrinya
Raimundo,Tomczykiewicz,rtomczykiewicz4s@intel.com,766 Clove Road,Statistician IV,Thailand,Basque
Fredric,Duigenan,fduigenan4t@bbb.org,45 Kropf Plaza,Nuclear Power Engineer,Portugal,Kanuri
Priscilla,Debling,pdebling4u@microsoft.com,2 Hoepker Pass,Pharmacist,China,Sundanese
Gabriello,Bidnall,gbidnall4v@typepad.com,18 Schmedeman Way,Junior Executive,China,Esperanto
Jacquette,Tudor,jtudor4w@multiply.com,39 Springs Trail,Marketing Manager,Sweden,Venda
Bria,Conry,bconry4x@boston.com,64 Upham Avenue,Structural Engineer,Vietnam,Turkmen
Mike,Baldick,mbaldick4y@privacy.gov.au,7 Paget Drive,Engineer I,Malaysia,Mongolian
Meir,Glasser,mglasser4z@tmall.com,5797 Haas Center,Account Executive,Thailand,Fijian
Magda,Penchen,mpenchen50@51.la,44010 New Castle Road,Marketing Assistant,Czech Republic,Manx
Zorine,Thompson,zthompson51@amazon.co.jp,70935 Hooker Junction,Executive Secretary,Malaysia,Walloon
Darren,Louys,dlouys52@ft.com,24 Thackeray Place,Dental Hygienist,North Korea,Maori
Haley,Rabbitts,hrabbitts53@omniture.com,2310 Kim Plaza,Help Desk Operator,Philippines,Kirghiz
Bordie,Claxson,bclaxson54@ycombinator.com,42118 Manufacturers Road,Social Worker,Russia,Bashkir
Hunt,Gogin,hgogin55@ucoz.ru,50 Spohn Trail,Director of Sales,Mexico,Akan
Brennan,Seacombe,bseacombe56@rakuten.co.jp,935 Little Fleur Junction,Accountant IV,Guatemala,Spanish
Janith,Muglestone,jmuglestone57@istockphoto.com,95 Straubel Pass,Project Manager,Czech Republic,Kinyarwanda
Danila,Vesque,dvesque58@angelfire.com,0 Mayfield Park,Cost Accountant,China,Abkhazian
Lenee,Webb-Bowen,lwebbbowen59@discuz.net,83855 Steensland Trail,Senior Quality Engineer,Ukraine,Shona
Fergus,Wagstaffe,fwagstaffe5a@illinois.edu,724 Donald Place,Actuary,Myanmar,Occitan (post 1500)
Tim,Dorcey,tdorcey5b@t-online.de,96748 Lawn Trail,Account Executive,Indonesia,Aymara
Eleni,Davitt,edavitt5c@spotify.com,1396 Lyons Hill,Health Coach IV,Sweden,Sichuan Yi
Joy,Dunkerly,jdunkerly5d@shinystat.com,1 North Way,VP Product Management,Honduras,Dutch
Sarine,Harfleet,sharfleet5e@technorati.com,9 Cottonwood Center,Human Resources Manager,Indonesia,Sichuan Yi
Penelope,Wimp,pwimp5f@ow.ly,118 Myrtle Park,Clinical Specialist,Indonesia,Basque
Rasla,Dymond,rdymond5g@discuz.net,9775 Messerschmidt Drive,Geological Engineer,Czech Republic,Walloon
Gerianna,Vaisey,gvaisey5h@ehow.com,69000 Upham Center,Assistant Manager,Poland,Portuguese
Gerhardt,Cope,gcope5i@google.it,96598 Carpenter Junction,Nurse Practicioner,Lithuania,Serbian
Loni,Jouanet,ljouanet5j@constantcontact.com,55380 Ridge Oak Court,Director of Sales,Venezuela,Korean
Sile,Jaggs,sjaggs5k@pcworld.com,2148 Killdeer Plaza,Editor,Costa Rica,Venda
Kata,Josefs,kjosefs5l@hc360.com,892 Browning Circle,Media Manager IV,Philippines,Croatian
Blythe,Widdowes,bwiddowes5m@cbc.ca,9 Florence Plaza,VP Sales,Venezuela,Vietnamese
Gibb,Vivien,gvivien5n@blogs.com,48939 Bashford Lane,Occupational Therapist,China,Luba-Katanga
Odella,Twaite,otwaite5o@forbes.com,06651 Claremont Crossing,Senior Cost Accountant,Indonesia,Norwegian
Lamont,Shenley,lshenley5p@patch.com,127 Cordelia Street,Statistician IV,Czech Republic,Bislama
Constancia,MacAirt,cmacairt5q@epa.gov,366 Ramsey Trail,Staff Accountant III,Kenya,Kinyarwanda
Wilt,Coogan,wcoogan5r@freewebs.com,7992 Goodland Parkway,Sales Representative,Dominican Republic,Tajik
Bette,Tewnion,btewnion5s@exblog.jp,88380 Express Plaza,Software Engineer III,Belarus,Slovak
Austin,Ketteringham,aketteringham5t@lulu.com,0 Gulseth Crossing,Director of Sales,Pakistan,Tamil
Estell,Dracey,edracey5u@360.cn,6337 Cordelia Park,Assistant Professor,China,Sanskrit
Ailbert,Tear,atear5v@google.de,21363 Summit Pass,Chemical Engineer,Guatemala,Tsonga
Neda,Romaint,nromaint5w@fc2.com,447 Oak Hill,Chief Design Engineer,Serbia,"Bokmål, Norwegian"
Fiann,Pavlovsky,fpavlovsky5x@wordpress.org,7 Garrison Point,Accountant II,Philippines,Macedonian
Madelaine,Mariotte,mmariotte5y@hp.com,5 Clarendon Pass,Nurse,United States,Tonga (Tonga Islands)
Malvina,Dilgarno,mdilgarno5z@wsj.com,57 Bunker Hill Place,VP Quality Control,Senegal,Tatar
Lyn,Dymidowski,ldymidowski60@about.com,667 2nd Point,Analyst Programmer,Bolivia,Polish
Celisse,Iveson,civeson61@buzzfeed.com,4799 Stoughton Point,Office Assistant III,Gambia,Irish
Jerad,Faber,jfaber62@weebly.com,778 Colorado Drive,Assistant Media Planner,China,Tatar
Davie,Bougourd,dbougourd63@webmd.com,65 Buena Vista Trail,Sales Associate,Philippines,Aymara
Natassia,Glasper,nglasper64@npr.org,33 Oakridge Trail,Clinical Specialist,Brazil,Persian
Susann,Setterfield,ssetterfield65@yandex.ru,799 Packers Crossing,Human Resources Assistant I,Russia,Irish
Carmina,Gatherell,cgatherell66@123-reg.co.uk,889 Meadow Vale Hill,Product Engineer,China,Vietnamese
Ayn,Stellino,astellino67@vistaprint.com,8 Erie Trail,Sales Associate,Indonesia,Kikuyu
Thorny,Fintoph,tfintoph68@gravatar.com,2145 Northfield Junction,Safety Technician I,Indonesia,Oromo
Cecil,Handslip,chandslip69@amazon.co.jp,74 Northport Lane,General Manager,Czech Republic,Gaelic
Mozes,De Nisco,mdenisco6a@unicef.org,05233 Bunting Circle,Director of Sales,Poland,Tatar
Kenna,Bowditch,kbowditch6b@discuz.net,23700 Commercial Terrace,Systems Administrator I,Democratic Republic of the Congo,Avestan
Minette,Sherington,msherington6c@nytimes.com,8 Melrose Road,Engineer II,China,Interlingue
Shaylynn,Daley,sdaley6d@state.gov,84 Melody Pass,Software Test Engineer II,China,Mongolian
Clerkclaude,Cornborough,ccornborough6e@altervista.org,4436 Gina Court,Administrative Assistant II,Poland,Pushto
Benedetto,Keneforde,bkeneforde6f@seattletimes.com,3 Brickson Park Street,Professor,Indonesia,Navajo
Ronny,Billin,rbillin6g@multiply.com,449 Monument Center,Professor,France,Swedish
Gregoor,Crickmore,gcrickmore6h@narod.ru,1631 Stoughton Alley,Executive Secretary,Russia,Western Frisian
Ewart,Di Pietro,edipietro6i@google.de,3 Kennedy Road,Software Engineer I,Indonesia,Swati
Brier,Winterburn,bwinterburn6j@friendfeed.com,67 Kim Plaza,VP Sales,Mexico,Catalan
Micheal,Bothams,mbothams6k@t.co,00 Talmadge Lane,Librarian,France,Macedonian
Earl,Maffi,emaffi6l@youtube.com,25094 Corben Drive,Assistant Manager,China,Somali
Dulcea,Luck,dluck6m@wp.com,49 3rd Point,Dental Hygienist,Indonesia,Norwegian
Powell,Perel,pperel6n@ucla.edu,8 Cherokee Parkway,Desktop Support Technician,Russia,Breton
Sonnnie,Leatt,sleatt6o@dion.ne.jp,087 Bay Plaza,Librarian,Saudi Arabia,"Ndebele, North"
Wren,Roistone,wroistone6p@ow.ly,62034 Miller Avenue,Sales Representative,Greece,Chichewa
Ines,Kinnaird,ikinnaird6q@ovh.net,7315 Butterfield Crossing,Quality Engineer,Russia,Luxembourgish
Cindie,Froggatt,cfroggatt6r@infoseek.co.jp,569 Homewood Pass,Developer II,Kazakhstan,"Ndebele, South"
Everett,Polkinhorn,epolkinhorn6s@w3.org,49 Lakeland Terrace,Database Administrator II,Portugal,Marshallese
Lucretia,Twallin,ltwallin6t@odnoklassniki.ru,5 6th Trail,Accountant I,Poland,Sundanese
Edouard,McLagain,emclagain6u@springer.com,89565 Ridge Oak Circle,Research Assistant I,Morocco,Herero
Jodie,Calterone,jcalterone6v@cloudflare.com,1 Crowley Pass,Research Nurse,Indonesia,Lingala
Mickie,Broadfield,mbroadfield6w@artisteer.com,34076 Division Hill,Electrical Engineer,China,Bosnian
Yolande,Frosch,yfrosch6x@illinois.edu,251 Esker Center,Chemical Engineer,Croatia,Welsh
Titos,Bertolaccini,tbertolaccini6y@networksolutions.com,4150 Rigney Alley,Cost Accountant,South Africa,Kanuri
Irene,Caisley,icaisley6z@yahoo.com,9 Bayside Plaza,Safety Technician II,China,Turkish
Domini,Rigate,drigate70@oaic.gov.au,11298 Ramsey Pass,Data Coordinator,Russia,Abkhazian
Denys,Wallage,dwallage71@histats.com,9427 Ruskin Avenue,Chief Design Engineer,Brazil,Dzongkha
Pembroke,Douglas,pdouglas72@theatlantic.com,098 Montana Hill,Internal Auditor,Mexico,Somali
Creighton,Soffe,csoffe73@un.org,7 Ridge Oak Place,Sales Representative,Vietnam,French
Othelia,Aldham,oaldham74@shareasale.com,2048 Northfield Crossing,Product Engineer,Indonesia,Portuguese
Kit,Darbey,kdarbey75@ox.ac.uk,0049 Onsgard Place,Human Resources Assistant II,Brazil,Azerbaijani
Tedie,MacKaile,tmackaile76@blogger.com,47 Darwin Plaza,Operator,Cameroon,Afrikaans
Deirdre,Luckcock,dluckcock77@stanford.edu,40 Muir Parkway,Professor,Philippines,Uighur
Arron,Randalson,arandalson78@time.com,855 Eagan Hill,Mechanical Systems Engineer,Indonesia,Serbian
Joyous,Dominetti,jdominetti79@yelp.com,0188 Hoffman Pass,Chief Design Engineer,Russia,Chuvash
Hallie,Stranaghan,hstranaghan7a@reverbnation.com,82 Gulseth Circle,Web Developer II,China,Kongo
Urbain,Clapton,uclapton7b@state.gov,5643 Packers Pass,Health Coach IV,China,Kinyarwanda
Carlynn,Mettetal,cmettetal7c@reddit.com,83656 Tomscot Place,Nurse Practicioner,Russia,Polish
Oneida,Matley,omatley7d@blogspot.com,16807 Independence Crossing,VP Accounting,Sudan,Romansh
Cheryl,Balshen,cbalshen7e@nba.com,08891 Gale Junction,Marketing Assistant,Latvia,Avestan
Sheilakathryn,Dumblton,sdumblton7f@jigsy.com,8771 Red Cloud Hill,Professor,Brazil,Thai
Reinaldos,Trewhela,rtrewhela7g@opera.com,9497 West Court,Payment Adjustment Coordinator,Japan,Chuvash
Renae,Pohlke,rpohlke7h@flickr.com,0 Canary Avenue,Geologist I,Vietnam,Hiri Motu
Menard,Orknay,morknay7i@joomla.org,54 Loomis Pass,Social Worker,Canada,Tsonga
Cynthie,Neary,cneary7j@nasa.gov,22539 Southridge Court,Technical Writer,China,Haitian
Dareen,Hanscom,dhanscom7k@google.cn,083 Golden Leaf Circle,Civil Engineer,Brazil,Bambara
Brenn,Shilito,bshilito7l@amazonaws.com,91050 Red Cloud Junction,Software Consultant,Indonesia,Maori
Lazar,Guess,lguess7m@mozilla.com,9136 Sunnyside Street,Community Outreach Specialist,Mauritius,Assamese
Eudora,Van den Oord,evandenoord7n@prnewswire.com,228 Forest Dale Drive,Tax Accountant,Poland,Afrikaans
Gwenora,Kidson,gkidson7o@slate.com,19812 Boyd Way,Analyst Programmer,China,Sango
Janette,Rycroft,jrycroft7p@rediff.com,5 Emmet Park,Compensation Analyst,Sweden,Tonga (Tonga Islands)
Rhiamon,Sign,rsign7q@oakley.com,50 Browning Parkway,Analog Circuit Design manager,Portugal,Arabic
Kenneth,Binks,kbinks7r@wufoo.com,17 Trailsway Place,Quality Control Specialist,Poland,Northern Sami
Armstrong,Cavey,acavey7s@twitpic.com,45147 Dapin Hill,Software Engineer II,China,Bosnian
Marlane,Hallin,mhallin7t@biglobe.ne.jp,8742 Towne Lane,Analyst Programmer,China,Tahitian
Tamqrah,Olivia,tolivia7u@dyndns.org,7987 Towne Way,Environmental Tech,Bolivia,Wolof
Zedekiah,Romero,zromero7v@redcross.org,80 Loftsgordon Circle,Media Manager III,Chile,Turkish
Susanne,Lillo,slillo7w@vimeo.com,36892 Sunbrook Pass,Administrative Officer,Indonesia,Igbo
Corenda,Chadbourne,cchadbourne7x@foxnews.com,68 Wayridge Crossing,Director of Sales,Honduras,Assamese
Sebastiano,Woolgar,swoolgar7y@dell.com,6217 Shelley Terrace,Director of Sales,China,Armenian
Noellyn,Croser,ncroser7z@yandex.ru,0923 Loomis Circle,Help Desk Operator,Poland,Slovenian
Edwin,Blazy,eblazy80@gnu.org,1 Waywood Terrace,Account Executive,France,Tigrinya
Van,Blowen,vblowen81@answers.com,8285 Sullivan Alley,Help Desk Operator,Indonesia,Sundanese
Janina,Mowday,jmowday82@pagesperso-orange.fr,38 Anthes Alley,GIS Technical Architect,France,Panjabi
Oralie,Simants,osimants83@slashdot.org,586 Crest Line Avenue,Pharmacist,Russia,Ossetian
Zsazsa,Lammerts,zlammerts84@lycos.com,1 Cottonwood Crossing,Junior Executive,Portugal,Hiri Motu
Theobald,Mossop,tmossop85@barnesandnoble.com,78672 Merchant Center,Staff Accountant IV,Portugal,Fulah
Ellery,Oram,eoram86@sohu.com,44296 Lerdahl Way,Executive Secretary,Brazil,Galician
Jozef,Cromer,jcromer87@nifty.com,75 Arapahoe Court,Nurse,China,Occitan (post 1500)
Rosalyn,Cleugher,rcleugher88@seattletimes.com,07 Summit Terrace,Data Coordinator,Canada,Bislama
Clair,Brayford,cbrayford89@sina.com.cn,3465 Bonner Terrace,Assistant Media Planner,China,Estonian
Dorey,Leydon,dleydon8a@sitemeter.com,65 Karstens Circle,Pharmacist,Philippines,Quechua
Herculie,Bonallick,hbonallick8b@latimes.com,6612 Cordelia Drive,Quality Engineer,Indonesia,Lithuanian
Jillane,Jeenes,jjeenes8c@msn.com,2981 7th Park,Senior Cost Accountant,Indonesia,Guarani
Lorene,Sancto,lsancto8d@jiathis.com,8 Shoshone Pass,Research Assistant I,Sweden,Assamese
Padget,Arndell,parndell8e@hp.com,7 Declaration Drive,Chief Design Engineer,Lithuania,Latin
Gui,Boyan,gboyan8f@friendfeed.com,11 Fair Oaks Circle,Health Coach III,Macedonia,Tigrinya
Tersina,Lammiman,tlammiman8g@oaic.gov.au,25 Washington Pass,Social Worker,China,Fulah
Hyacinthie,Croutear,hcroutear8h@hibu.com,6 Riverside Trail,Editor,Bulgaria,Komi
Diane-marie,O'Scandall,doscandall8i@vk.com,4 8th Court,Sales Representative,Russia,Ojibwa
Garner,Unitt,gunitt8j@ycombinator.com,42882 Coleman Point,Assistant Manager,Russia,Afrikaans
Morgana,Colqueran,mcolqueran8k@ftc.gov,227 Mcbride Avenue,Speech Pathologist,Russia,Malagasy
Carma,Winfindine,cwinfindine8l@oakley.com,3 Drewry Circle,VP Accounting,Poland,Chamorro
Meggie,Shawel,mshawel8m@4shared.com,36 Sloan Hill,Geological Engineer,China,Abkhazian
Cheston,Shildrick,cshildrick8n@ebay.co.uk,71 Charing Cross Street,Nurse,Argentina,Kikuyu
Ezmeralda,Till,etill8o@soup.io,984 Laurel Drive,Financial Analyst,Sweden,Igbo
Amil,Urquhart,aurquhart8p@boston.com,0463 New Castle Parkway,Senior Developer,Canada,Tigrinya
Wadsworth,Jude,wjude8q@mtv.com,2 Oneill Circle,Accounting Assistant III,Indonesia,French
Felicle,Lidgerton,flidgerton8r@prnewswire.com,2 Monica Street,Senior Cost Accountant,Russia,Malay
Lara,Frowing,lfrowing8s@bloglines.com,3231 Village Lane,Assistant Media Planner,Indonesia,Sanskrit
Ravid,Penny,rpenny8t@4shared.com,778 Dapin Plaza,VP Sales,Portugal,Tatar
Marshal,Longmead,mlongmead8u@cbsnews.com,31 Knutson Place,Database Administrator I,Philippines,Vietnamese
Lurlene,Laite,llaite8v@cdc.gov,0 Stoughton Circle,Account Coordinator,Israel,Bislama
Rahal,Rany,rrany8w@sun.com,848 Morningstar Court,Health Coach III,Kenya,Malayalam
Abbott,Bamlett,abamlett8x@hugedomains.com,16089 Coleman Avenue,Assistant Manager,Peru,Albanian
Vidovic,Deener,vdeener8y@usnews.com,8 Sunfield Lane,Social Worker,Colombia,Telugu
Michal,Sillwood,msillwood8z@t.co,86997 Sloan Hill,Pharmacist,Colombia,Tamil
Saul,Conneau,sconneau90@goo.gl,5538 Ridgeway Circle,Editor,Portugal,Hungarian
Merola,Norres,mnorres91@github.com,165 Golf Course Drive,Geologist IV,Philippines,Corsican
Fifine,Riggoll,friggoll92@prnewswire.com,9016 Mayer Junction,Operator,Ukraine,Croatian
Sharline,Alliston,salliston93@dmoz.org,34 Havey Court,Structural Analysis Engineer,Ukraine,Tamil
Niko,Korneichik,nkorneichik94@skype.com,66 Elgar Point,Marketing Assistant,China,Croatian
Berkie,Szreter,bszreter95@photobucket.com,5173 Dexter Parkway,Geological Engineer,Japan,Urdu
Cilka,Borge,cborge96@storify.com,05019 Vera Place,Financial Analyst,Burkina Faso,Serbian
Ede,Schwander,eschwander97@state.gov,8900 Hoard Pass,GIS Technical Architect,Netherlands,Turkish
Hally,McNeill,hmcneill98@mlb.com,3506 Pepper Wood Place,Compensation Analyst,China,Malayalam
Danice,Mowne,dmowne99@google.co.jp,32619 Pankratz Road,Programmer II,China,Arabic
Joyan,Coase,jcoase9a@domainmarket.com,8734 Maple Alley,Senior Sales Associate,Pakistan,Haitian
Jesselyn,Baudino,jbaudino9b@webs.com,05480 Monica Way,VP Accounting,Norway,Tamil
Edvard,Scala,escala9c@over-blog.com,1 Randy Point,Executive Secretary,Chile,Malagasy
Bruno,Jachimczak,bjachimczak9d@eepurl.com,67 Rusk Center,Financial Advisor,Japan,Xhosa
Creight,Orgen,corgen9e@prnewswire.com,7085 Heath Point,Account Representative II,Philippines,Ukrainian
Vaughn,Ronchi,vronchi9f@mapquest.com,39859 Mitchell Crossing,Software Engineer III,South Korea,Navajo
Arne,Castanos,acastanos9g@networksolutions.com,8 Knutson Terrace,Assistant Professor,France,Corsican
Gavin,Pedgrift,gpedgrift9h@clickbank.net,274 Portage Hill,Project Manager,Portugal,Kanuri
Kathryn,Gheeraert,kgheeraert9i@dedecms.com,94 Eggendart Road,VP Accounting,Russia,Macedonian
Corbet,Annets,cannets9j@pinterest.com,5 Clemons Avenue,Media Manager III,Jamaica,Manx
Misha,Grouer,mgrouer9k@naver.com,68438 Kedzie Way,Budget/Accounting Analyst II,China,Norwegian
Filberto,Walklett,fwalklett9l@ihg.com,9 Mallard Place,Safety Technician I,China,Marathi
Itch,Nairns,inairns9m@xrea.com,0930 Fordem Place,VP Sales,Russia,Xhosa
Nara,Nicholls,nnicholls9n@tinyurl.com,2 Bowman Road,Electrical Engineer,North Korea,Spanish
Marilee,Dumbrall,mdumbrall9o@creativecommons.org,14289 Grasskamp Avenue,Human Resources Manager,Czech Republic,Macedonian
Cherianne,Redmond,credmond9p@cbc.ca,30681 Buena Vista Avenue,Human Resources Manager,Malaysia,Akan
Worthy,Lestor,wlestor9q@unblog.fr,55199 Valley Edge Crossing,VP Accounting,Libya,Esperanto
Isaac,Antonsen,iantonsen9r@delicious.com,17301 Oak Avenue,Electrical Engineer,Portugal,Tibetan
Arlen,Ahmed,aahmed9s@aol.com,13267 Chive Drive,Programmer IV,Sweden,Zhuang
Christel,Walder,cwalder9t@github.io,98 Glendale Court,Project Manager,Russia,Welsh
Scottie,Barthelemy,sbarthelemy9u@trellian.com,84363 Forest Run Parkway,Analog Circuit Design manager,Uzbekistan,Danish
Barney,Over,bover9v@pcworld.com,136 Farmco Lane,Geological Engineer,China,Serbian
Phineas,Prichard,pprichard9w@google.com.au,404 Tony Road,Software Consultant,Tunisia,Ewe
Orelie,Burnett,oburnett9x@salon.com,583 Nevada Road,Analyst Programmer,Russia,Kinyarwanda
Royal,Mertsching,rmertsching9y@yellowpages.com,10926 Nobel Place,Nuclear Power Engineer,Philippines,Bosnian
Paddy,Jeske,pjeske9z@aol.com,6 Amoth Road,Occupational Therapist,Venezuela,Lao
Meridel,Littlemore,mlittlemorea0@bravesites.com,1217 Kedzie Trail,Technical Writer,Indonesia,Macedonian
Reagan,Feldbau,rfeldbaua1@nbcnews.com,2194 Golf View Avenue,Paralegal,Russia,Icelandic
Hilde,Diment,hdimenta2@github.com,10 Loftsgordon Hill,Mechanical Systems Engineer,Philippines,Thai
Leonanie,Wedge,lwedgea3@ucsd.edu,909 Nancy Street,Chief Design Engineer,Canada,Uighur
Judas,Ancketill,jancketilla4@ox.ac.uk,7 Sommers Center,Account Coordinator,Tunisia,Zhuang
Jard,Grand,jgranda5@ning.com,2 Hoard Lane,Software Test Engineer III,Spain,Chinese
Wes,Ashleigh,washleigha6@npr.org,98 Forster Lane,Human Resources Manager,Poland,Dutch
Leonore,Wagenen,lwagenena7@xing.com,3301 Kedzie Way,Software Test Engineer I,Portugal,Haitian
Laughton,Conn,lconna8@un.org,28 Dahle Trail,Nurse,Ecuador,Twi
Fania,Babb,fbabba9@wsj.com,4 Ronald Regan Terrace,Paralegal,China,Luxembourgish
Alvina,Carlton,acarltonaa@chicagotribune.com,6 Evergreen Plaza,Registered Nurse,Czech Republic,"Ndebele, South"
Kailey,Vaan,kvaanab@bloglines.com,7 Union Place,Tax Accountant,Peru,Kanuri
Mary,Clemensen,mclemensenac@umn.edu,17 Carberry Circle,Legal Assistant,Indonesia,Venda
Nial,Whittam,nwhittamad@cyberchimps.com,30827 Oak Junction,Graphic Designer,China,Navajo
Rodney,Vignaux,rvignauxae@domainmarket.com,01 Graedel Way,Automation Specialist I,Philippines,Esperanto
Agustin,Smissen,asmissenaf@bluehost.com,78373 Morning Court,Research Assistant II,Philippines,Burmese
Eric,Jerzycowski,ejerzycowskiag@reverbnation.com,5 Transport Court,Developer I,Philippines,Serbian
Hadley,Scrimshire,hscrimshireah@bing.com,37503 Reinke Alley,Office Assistant III,Canada,Oromo
Nicolina,Walmsley,nwalmsleyai@twitter.com,41183 Eggendart Terrace,VP Product Management,Indonesia,Sinhala
Gabie,Roswarne,groswarneaj@studiopress.com,3 Darwin Court,Senior Cost Accountant,Russia,Macedonian
Leonie,De Domenici,ldedomeniciak@cyberchimps.com,1 Londonderry Center,Senior Editor,Indonesia,Breton
Alta,Alyukin,aalyukinal@springer.com,91986 North Parkway,Staff Accountant II,Indonesia,Tibetan
Gerrard,Chaffer,gchafferam@usda.gov,92 Meadow Ridge Court,Senior Quality Engineer,Portugal,Kikuyu
Lonna,Danielsky,ldanielskyan@mapy.cz,9 Pine View Terrace,Human Resources Assistant III,France,Galician
Kristo,Corneliussen,kcorneliussenao@shop-pro.jp,536 Blue Bill Park Point,Mechanical Systems Engineer,Sweden,Dutch
Park,Haney,phaneyap@nba.com,17 5th Avenue,Pharmacist,Brazil,Maltese
Ardelis,Lukes,alukesaq@google.com.au,0 Holmberg Terrace,Office Assistant III,Panama,Ndonga
Hy,Linbohm,hlinbohmar@chronoengine.com,7 Blackbird Street,Accountant II,Ukraine,Malagasy
Maximilien,Yeo,myeoas@lycos.com,7 Alpine Center,Research Associate,Poland,Slovenian
Arlinda,Caras,acarasat@bandcamp.com,6780 Schlimgen Drive,Cost Accountant,Thailand,Northern Sami
Hilda,Cumpton,hcumptonau@imdb.com,2 Cardinal Alley,Pharmacist,China,Mongolian
Roberto,Marishenko,rmarishenkoav@bbb.org,09 Monument Street,Physical Therapy Assistant,China,Croatian
Dallon,Moyler,dmoyleraw@mapquest.com,10523 Fairview Circle,Senior Sales Associate,Indonesia,Romanian
Nealson,Surr,nsurrax@loc.gov,36282 Ramsey Trail,Biostatistician III,Indonesia,Amharic
Matias,Ivanenko,mivanenkoay@123-reg.co.uk,5 Heffernan Alley,Data Coordinator,Bolivia,Vietnamese
Michale,Slyvester,mslyvesteraz@spiegel.de,3427 Talisman Alley,Junior Executive,Greece,Limburgan
Beatrix,Sayes,bsayesb0@tuttocitta.it,209 Warner Court,Administrative Assistant IV,Netherlands,Armenian
Eulalie,Deerness,edeernessb1@fotki.com,49991 Village Green Alley,Systems Administrator I,Afghanistan,Welsh
Benedetta,Zanussii,bzanussiib2@cnbc.com,919 Chinook Way,Director of Sales,Philippines,Navajo
Durant,Dennison,ddennisonb3@imdb.com,7074 Mcguire Park,General Manager,Brazil,Uighur
Candace,Winscum,cwinscumb4@smugmug.com,13 Badeau Way,Editor,South Africa,Yoruba
Selie,Dewick,sdewickb5@wordpress.com,35 Oriole Trail,Junior Executive,Sweden,Herero
Elfreda,Mingaye,emingayeb6@nps.gov,141 Randy Junction,Senior Financial Analyst,Indonesia,Yoruba
Kellen,Gisby,kgisbyb7@github.io,24 Sommers Circle,Project Manager,Argentina,Kalaallisut
Osbourn,Bisacre,obisacreb8@flickr.com,70 Commercial Park,Civil Engineer,China,Tsonga
Delinda,Gauler,dgaulerb9@trellian.com,5467 Pennsylvania Pass,Data Coordinator,Indonesia,Luba-Katanga
Amata,Miner,aminerba@home.pl,88 Schlimgen Pass,Physical Therapy Assistant,Indonesia,Xhosa
Rodolph,Pirkis,rpirkisbb@histats.com,8322 Daystar Way,Recruiter,Kazakhstan,Manx
Vincent,Aitken,vaitkenbc@drupal.org,6 Farmco Lane,Research Assistant IV,Dominican Republic,Tagalog
Bondy,Gyorgy,bgyorgybd@bigcartel.com,8929 Troy Junction,VP Sales,Russia,Manx
Franzen,Tassell,ftassellbe@yale.edu,88 Jay Trail,Marketing Manager,France,Shona
Rogerio,Connett,rconnettbf@china.com.cn,0 Waubesa Center,Business Systems Development Analyst,Indonesia,Navajo
Howey,Kaiser,hkaiserbg@slate.com,70 Springs Plaza,Electrical Engineer,United States,Nauru
Cinnamon,Riquet,criquetbh@soundcloud.com,8323 Towne Park,Registered Nurse,China,Fijian
Tamarah,Cavan,tcavanbi@vistaprint.com,6 Sachs Way,Research Associate,Nigeria,Hausa
Greta,Dockrey,gdockreybj@oakley.com,4905 Donald Way,Financial Advisor,Mexico,Aymara
Buiron,Gullam,bgullambk@mac.com,4369 Harbort Road,Human Resources Manager,Rwanda,Bislama
Agneta,Sibbons,asibbonsbl@walmart.com,58569 Dayton Plaza,Operator,Cuba,Bambara
Rowena,Pringer,rpringerbm@oaic.gov.au,24836 Rigney Point,Statistician II,France,Bislama
Saunderson,Poytheras,spoytherasbn@seesaa.net,9461 Nelson Hill,Research Associate,Colombia,"Sotho, Southern"
Darb,Simeoli,dsimeolibo@nhs.uk,9796 Bobwhite Plaza,Senior Sales Associate,Poland,Maori
Florinda,Bachnic,fbachnicbp@ox.ac.uk,86 Buell Alley,Physical Therapy Assistant,China,Yiddish
Sal,Preble,spreblebq@chron.com,0 School Circle,Software Test Engineer IV,China,Mongolian
Carry,Cardello,ccardellobr@biblegateway.com,51357 Springview Terrace,Civil Engineer,Cuba,Samoan
Gherardo,Autry,gautrybs@com.com,4899 Acker Road,Professor,China,Oriya
Kristal,Vertigan,kvertiganbt@domainmarket.com,8491 Nova Drive,Director of Sales,Philippines,Welsh
Vivien,Rowlings,vrowlingsbu@ow.ly,47 Blaine Place,Legal Assistant,China,Albanian
Tanitansy,Redd,treddbv@amazon.com,86 Eagan Place,Senior Cost Accountant,Portugal,Galician
Nial,Tregidgo,ntregidgobw@redcross.org,954 Dapin Terrace,Research Nurse,Chile,Urdu
Eliza,Rulton,erultonbx@ted.com,6781 John Wall Point,Nuclear Power Engineer,Canada,Thai
Cthrine,Brennan,cbrennanby@slate.com,640 Anhalt Drive,Software Engineer III,China,French
Brucie,Simcox,bsimcoxbz@dagondesign.com,30954 Toban Way,Automation Specialist III,China,Chuvash
Rosmunda,Horley,rhorleyc0@instagram.com,594 Veith Alley,Junior Executive,France,Afrikaans
Reinwald,Artrick,rartrickc1@altervista.org,712 Starling Center,Assistant Manager,China,Galician
Edita,Andreasen,eandreasenc2@facebook.com,424 Moose Court,Desktop Support Technician,Colombia,Tamil
Frederico,Riding,fridingc3@economist.com,4721 Eagle Crest Parkway,Dental Hygienist,China,Croatian
Gabi,Bonallick,gbonallickc4@tinyurl.com,3 Lyons Parkway,Senior Cost Accountant,Canada,Telugu
Ema,Lyttle,elyttlec5@youtu.be,2140 Ridge Oak Pass,Computer Systems Analyst III,Guatemala,Hausa
Marabel,Rawstorn,mrawstornc6@fema.gov,52 Dapin Drive,Chemical Engineer,Indonesia,Kazakh
Albina,Pachmann,apachmannc7@simplemachines.org,9 Myrtle Alley,Nuclear Power Engineer,Mexico,Persian
Ingaborg,Handke,ihandkec8@4shared.com,70 Ryan Hill,Mechanical Systems Engineer,Mongolia,Turkmen
Stormie,Sharphouse,ssharphousec9@wix.com,0 Old Gate Terrace,Quality Engineer,Argentina,Albanian
Carmella,McLeish,cmcleishca@typepad.com,2 Farragut Way,Office Assistant IV,Poland,Tamil
Charley,MacDermot,cmacdermotcb@bravesites.com,16 Schurz Junction,Accountant II,South Africa,Latvian
Trefor,Mully,tmullycc@hostgator.com,9480 Marcy Lane,Financial Analyst,Japan,French
Virgilio,Capenor,vcapenorcd@goo.ne.jp,985 Onsgard Drive,Analyst Programmer,Belarus,Latvian
Niels,Whybrow,nwhybrowce@ezinearticles.com,473 Sutherland Way,Business Systems Development Analyst,China,Ukrainian
Mercedes,Lupson,mlupsoncf@gravatar.com,262 Comanche Street,Desktop Support Technician,Mexico,"Sotho, Southern"
Marty,Tuberfield,mtuberfieldcg@blogspot.com,1 Dottie Way,Cost Accountant,Indonesia,Somali
Griffie,Norwell,gnorwellch@youtu.be,848 Melvin Trail,Editor,Cameroon,"Ndebele, North"
Farica,Courtese,fcourteseci@engadget.com,73153 Sachtjen Point,Research Associate,Haiti,Bulgarian
Armando,Boyall,aboyallcj@mlb.com,20 Oak Drive,Research Assistant III,Portugal,Luba-Katanga
Janis,Neathway,jneathwayck@netlog.com,8 Westport Avenue,Sales Associate,Thailand,Kannada
Yance,Malin,ymalincl@indiatimes.com,48983 Scofield Terrace,Graphic Designer,North Korea,Tamil
Timotheus,Broun,tbrouncm@trellian.com,745 Chive Avenue,Paralegal,Brazil,Oriya
Elli,Ferriby,eferribycn@ucoz.ru,08 3rd Crossing,Project Manager,Czech Republic,Italian
Corbie,Kimbley,ckimbleyco@gravatar.com,4279 Stang Avenue,Senior Cost Accountant,Russia,Norwegian Nynorsk
Maire,Lavies,mlaviescp@samsung.com,9 Cherokee Trail,Data Coordinator,Russia,"Ndebele, South"
Stepha,Legging,sleggingcq@xrea.com,6 Lake View Drive,Design Engineer,China,Bosnian
Mayer,Satcher,msatchercr@time.com,3 Canary Trail,Recruiting Manager,China,Occitan (post 1500)
Celia,Whipp,cwhippcs@csmonitor.com,3 Scott Hill,Speech Pathologist,Uzbekistan,Occitan (post 1500)
Tessie,Cudiff,tcudiffct@lycos.com,53527 Ruskin Avenue,Desktop Support Technician,Myanmar,Luxembourgish
Osbourne,Sterley,osterleycu@theatlantic.com,5 Blue Bill Park Park,Biostatistician IV,Sweden,Gaelic
Horatia,Philipeau,hphilipeaucv@twitpic.com,131 Warner Terrace,Mechanical Systems Engineer,Philippines,Kongo
Obadias,Treske,otreskecw@domainmarket.com,50 Prairieview Crossing,VP Sales,Brazil,Sinhala
Egor,Maund,emaundcx@auda.org.au,43958 Rusk Alley,Food Chemist,China,Latin
Tomasine,Jeandet,tjeandetcy@economist.com,98024 Washington Trail,Nurse Practicioner,Kyrgyzstan,Persian
Emmery,Newbegin,enewbegincz@jalbum.net,21220 Lakewood Alley,Office Assistant II,Philippines,Panjabi
Rosmunda,Calrow,rcalrowd0@list-manage.com,86 International Court,Nurse,Colombia,Samoan
Bebe,Shann,bshannd1@photobucket.com,78 Colorado Hill,Legal Assistant,Canada,Javanese
Corie,Cullingford,ccullingfordd2@scientificamerican.com,1 Cascade Center,Research Associate,Russia,Hausa
Cthrine,Squeers,csqueersd3@netlog.com,3110 Trailsway Circle,Associate Professor,China,Kuanyama
Jemmie,Lalley,jlalleyd4@sina.com.cn,00 Westridge Pass,Chief Design Engineer,Niger,Avaric
Lorilee,Kirtland,lkirtlandd5@canalblog.com,1236 Wayridge Pass,Help Desk Technician,Poland,Tahitian
Karlee,Dorcey,kdorceyd6@cdc.gov,75 Lerdahl Drive,Help Desk Operator,Indonesia,Italian
Even,Le Ball,eleballd7@facebook.com,2015 Main Avenue,Account Representative IV,China,Divehi
Chet,Freund,cfreundd8@bloomberg.com,12735 Rowland Junction,Electrical Engineer,Sweden,Sindhi
Renaldo,Stubbe,rstubbed9@cornell.edu,47337 Mayer Crossing,Librarian,Poland,Uzbek
Roobbie,Petrelli,rpetrellida@fotki.com,1647 Coolidge Crossing,Speech Pathologist,Canada,Sardinian
Horton,Skin,hskindb@omniture.com,91923 Birchwood Junction,Web Developer IV,Czech Republic,Polish
Harold,Rosthorn,hrosthorndc@acquirethisname.com,72 Columbus Lane,General Manager,Sweden,Tibetan
Chandler,Forseith,cforseithdd@comcast.net,006 Ramsey Hill,Quality Control Specialist,China,Ganda
Brion,Chaster,bchasterde@icq.com,56889 Doe Crossing Avenue,Senior Financial Analyst,Albania,"Sotho, Southern"
Bunni,Loade,bloadedf@vimeo.com,04849 Mesta Trail,Tax Accountant,China,Norwegian
Cynthie,Lorain,cloraindg@google.ru,50 High Crossing Point,Web Designer III,Serbia,Rundi
Ginevra,Reyne,greynedh@usnews.com,197 Bartelt Terrace,Cost Accountant,Ireland,Faroese
Jasen,Threader,jthreaderdi@redcross.org,32 Coolidge Point,Account Executive,Russia,Estonian
Juliet,Matousek,jmatousekdj@youtube.com,02595 Marquette Center,Business Systems Development Analyst,France,Nepali
Norton,Brockhurst,nbrockhurstdk@simplemachines.org,539 Fuller Avenue,Quality Engineer,Peru,Norwegian Nynorsk
Hilarius,Josiah,hjosiahdl@uol.com.br,3 Stoughton Point,Senior Financial Analyst,Philippines,Igbo
Dante,Laise,dlaisedm@1688.com,1660 4th Terrace,Recruiter,Peru,Basque
Randal,Copping,rcoppingdn@seesaa.net,9 Derek Plaza,Senior Developer,Luxembourg,Shona
Conn,Brittan,cbrittando@cnn.com,90 Kennedy Lane,Media Manager I,Palestinian Territory,Bambara
Deanne,Durrance,ddurrancedp@tripadvisor.com,185 Longview Crossing,VP Accounting,China,Oromo
Chrystel,Fogt,cfogtdq@foxnews.com,04 Maple Wood Street,Project Manager,Tanzania,Chamorro
Branden,Spivey,bspiveydr@smugmug.com,4571 Vahlen Crossing,Information Systems Manager,Portugal,Navajo
Mariellen,Penwarden,mpenwardends@cnn.com,6 Nelson Plaza,Quality Control Specialist,Portugal,Chechen
Pepe,Eager,peagerdt@cocolog-nifty.com,7965 Harbort Parkway,Research Associate,China,Bashkir
Anson,Doornbos,adoornbosdu@latimes.com,5569 Butterfield Way,Senior Financial Analyst,China,Aymara
Cordie,Ramelet,crameletdv@shinystat.com,591 Prairie Rose Place,Executive Secretary,Venezuela,Guarani
Konstance,Tiptaft,ktiptaftdw@ocn.ne.jp,0807 Gulseth Junction,Human Resources Assistant IV,Slovenia,Kinyarwanda
Evania,Kenningley,ekenningleydx@sourceforge.net,75726 Fisk Pass,Mechanical Systems Engineer,Thailand,Kinyarwanda
Coletta,Dives,cdivesdy@uiuc.edu,66677 Rigney Park,Analog Circuit Design manager,Ukraine,Belarusian
Roxanna,Ivanin,rivanindz@wisc.edu,5 American Pass,Statistician I,Thailand,Malayalam
Wade,Ramsted,wramstede0@google.com.hk,692 Arapahoe Court,Registered Nurse,Indonesia,Tamil
Lyda,Eckels,leckelse1@nsw.gov.au,3883 Northport Court,Environmental Specialist,China,Burmese
Angela,Metherell,ametherelle2@fc2.com,625 Independence Court,Pharmacist,Indonesia,Kuanyama
Earvin,Dubock,edubocke3@cargocollective.com,74925 Union Junction,Marketing Assistant,Pakistan,Inuktitut
Grace,Halston,ghalstone4@xrea.com,45 Di Loreto Alley,Tax Accountant,Mongolia,Basque
Anissa,Rycraft,arycrafte5@disqus.com,16205 Kedzie Avenue,Paralegal,Sweden,German
Godfree,Colvine,gcolvinee6@mit.edu,429 Warbler Way,Actuary,Netherlands,Venda
Myrtle,Flavelle,mflavellee7@hugedomains.com,22999 Declaration Avenue,Software Consultant,Indonesia,Western Frisian
Giuditta,Mottershead,gmottersheade8@nationalgeographic.com,33330 Dorton Place,Pharmacist,Uganda,Uzbek
Pebrook,Alenov,palenove9@spiegel.de,3432 Dapin Parkway,Help Desk Operator,Russia,Welsh
Zebadiah,Corwood,zcorwoodea@com.com,803 Schlimgen Drive,Technical Writer,Philippines,Church Slavic
Nixie,Gorst,ngorsteb@myspace.com,192 Prairieview Drive,Executive Secretary,Indonesia,Burmese
Blakeley,Carlos,bcarlosec@yolasite.com,0 Shopko Alley,Human Resources Assistant IV,Malaysia,Tibetan
Vincent,Birch,vbirched@baidu.com,94 Sunnyside Drive,Information Systems Manager,Russia,Twi
Waylin,Clac,wclacee@simplemachines.org,5 New Castle Alley,Assistant Professor,Indonesia,Hindi
Rik,Bolsteridge,rbolsteridgeef@mozilla.org,92873 Pond Park,Environmental Specialist,Russia,Rundi
Vanessa,MacPharlain,vmacpharlaineg@xing.com,6 Roxbury Alley,Administrative Assistant III,China,Tagalog
Packston,Bootell,pbootelleh@fema.gov,38 Thackeray Terrace,Biostatistician II,Indonesia,Kongo
Aimil,Wilkenson,awilkensonei@xinhuanet.com,8234 Maryland Way,Structural Engineer,Peru,Turkish
Maggi,Gumby,mgumbyej@naver.com,38 Ramsey Park,Nuclear Power Engineer,China,Slovenian
Hobey,Mardell,hmardellek@adobe.com,05 Cascade Street,Staff Scientist,Armenia,Zulu
Clevey,Arni,carniel@paypal.com,869 Aberg Pass,Senior Developer,Norway,Zulu
Ingemar,Batson,ibatsonem@geocities.com,49470 Monument Terrace,VP Quality Control,China,Interlingua (International Auxiliary Language Association)
Ebeneser,Fritchly,efritchlyen@china.com.cn,6665 Weeping Birch Circle,Staff Accountant II,Indonesia,Chinese
Clywd,Stutely,cstutelyeo@upenn.edu,75311 Lukken Pass,Accountant I,Philippines,Lithuanian
Rafaela,Coupar,rcouparep@bizjournals.com,021 Shasta Circle,Geological Engineer,Saint Vincent and the Grenadines,Hungarian
Averil,Lampett,alampetteq@dailymotion.com,936 Village Green Avenue,Assistant Media Planner,Afghanistan,Bambara
Hinda,Meadowcraft,hmeadowcrafter@scientificamerican.com,256 Amoth Road,Staff Scientist,Portugal,Tswana
Anthia,O'Doogan,aodooganes@stanford.edu,933 Melody Alley,Senior Developer,China,Javanese
Benjamen,Midson,bmidsonet@skyrock.com,270 Prentice Place,Human Resources Manager,Philippines,Norwegian
Raynard,Goede,rgoedeeu@tumblr.com,873 Harper Circle,Human Resources Assistant IV,Bolivia,Ossetian
Ulla,Mirando,umirandoev@ca.gov,800 Hooker Terrace,Occupational Therapist,Poland,Somali
Katleen,Cherrison,kcherrisonew@rediff.com,22664 Ridgeway Pass,Sales Associate,Nepal,Panjabi
Esther,Agnew,eagnewex@posterous.com,66 Lien Terrace,VP Accounting,Canada,Romanian
Mallorie,Harmeston,mharmestoney@forbes.com,5 Graedel Park,Assistant Professor,Poland,Portuguese
Sharlene,Witts,swittsez@hp.com,0 David Street,Civil Engineer,Indonesia,Ido
Perle,Carbin,pcarbinf0@hibu.com,522 Lunder Drive,Computer Systems Analyst I,Philippines,Kazakh
Barret,Ettels,bettelsf1@japanpost.jp,88 Thackeray Avenue,Director of Sales,Vietnam,Oromo
Marin,Long,mlongf2@apple.com,34 Bashford Avenue,Chemical Engineer,Indonesia,Azerbaijani
Millard,Cordero,mcorderof3@census.gov,63429 Lotheville Alley,Desktop Support Technician,Czech Republic,Northern Sami
Francesco,Kayne,fkaynef4@marriott.com,6 Hagan Junction,Programmer IV,Indonesia,Bulgarian
Adolphus,Cafferky,acafferkyf5@prnewswire.com,46 Jenifer Street,Engineer I,Japan,Kashmiri
Lavina,Songer,lsongerf6@lulu.com,11497 Brentwood Street,Programmer II,Indonesia,Igbo
Todd,Swine,tswinef7@zimbio.com,183 Buell Center,Environmental Tech,China,Russian
Rhodia,Cumberledge,rcumberledgef8@narod.ru,4495 Nobel Place,VP Quality Control,Peru,Tigrinya
Lil,Sidey,lsideyf9@ycombinator.com,04 Fordem Plaza,Operator,Peru,Fijian
Spencer,Kellett,skellettfa@accuweather.com,8379 Cambridge Street,Food Chemist,New Caledonia,Polish
Phil,Rean,preanfb@unblog.fr,621 Prentice Lane,Web Developer IV,Pakistan,Central Khmer
Marysa,Perrins,mperrinsfc@list-manage.com,07387 Utah Lane,Operator,China,Chinese
Anthiathia,Huckin,ahuckinfd@tinyurl.com,4 Mandrake Way,Mechanical Systems Engineer,Ukraine,Chinese
Stefano,Huntley,shuntleyfe@reddit.com,279 Dottie Hill,Senior Cost Accountant,Nigeria,Occitan (post 1500)
Correy,McDougall,cmcdougallff@zdnet.com,49708 International Hill,Quality Engineer,Indonesia,Dutch
Tymon,Wedlock,twedlockfg@reuters.com,5 Emmet Court,Speech Pathologist,Argentina,Telugu
Danielle,Bruinemann,dbruinemannfh@ask.com,5 Bowman Circle,Recruiter,China,Czech
Alverta,Elsmere,aelsmerefi@ted.com,6 Mcguire Avenue,Financial Advisor,Russia,Icelandic
Aubree,Coskerry,acoskerryfj@springer.com,4 Macpherson Hill,Geological Engineer,Thailand,Icelandic
Danny,Surgenor,dsurgenorfk@naver.com,48112 Dovetail Parkway,Community Outreach Specialist,France,Kinyarwanda
Maybelle,Tripean,mtripeanfl@squarespace.com,4656 Jenifer Lane,Statistician III,Macedonia,Hebrew
Hatti,Wadwell,hwadwellfm@360.cn,61 4th Terrace,Software Consultant,Czech Republic,Oromo
Rabbi,Reynalds,rreynaldsfn@vkontakte.ru,3 Aberg Trail,Database Administrator IV,Japan,Japanese
Lilas,Piell,lpiellfo@usgs.gov,405 Ruskin Junction,Statistician IV,United States,Icelandic
Annie,Anwyl,aanwylfp@etsy.com,38 Banding Terrace,Product Engineer,Mexico,Abkhazian
Nessa,Fagge,nfaggefq@imdb.com,6 Pawling Road,Paralegal,Philippines,"Sotho, Southern"
Elmo,Bruinsma,ebruinsmafr@mashable.com,7 Nobel Junction,Staff Scientist,Indonesia,Luba-Katanga
Zaccaria,Cicchetto,zcicchettofs@ameblo.jp,589 Florence Point,Computer Systems Analyst IV,Portugal,Swati
Jeniffer,Michelin,jmichelinft@hexun.com,1 Grayhawk Road,Structural Engineer,United States,Xhosa
Lilllie,Testo,ltestofu@symantec.com,36768 Bartillon Junction,Systems Administrator II,Saudi Arabia,Assamese
Buiron,Bourdice,bbourdicefv@adobe.com,2247 Karstens Point,Junior Executive,Ukraine,Uzbek
Gustavo,Climar,gclimarfw@globo.com,2 International Lane,VP Quality Control,Western Sahara,Irish
Vania,Gourdon,vgourdonfx@webnode.com,15737 Ohio Center,Structural Analysis Engineer,Poland,Chichewa
Nero,Leah,nleahfy@vk.com,0980 Northwestern Court,Registered Nurse,Russia,Turkmen
Muffin,Hutton,mhuttonfz@yandex.ru,1267 Vera Way,Business Systems Development Analyst,Brazil,Oromo
Carmel,Tombleson,ctomblesong0@freewebs.com,8513 New Castle Alley,Recruiter,Botswana,Avestan
Gard,Beden,gbedeng1@nymag.com,9442 Straubel Point,Automation Specialist II,Ukraine,Serbian
Brunhilda,Klimpke,bklimpkeg2@addtoany.com,1197 Burrows Lane,Civil Engineer,Thailand,Oriya
Easter,Cowthard,ecowthardg3@biglobe.ne.jp,097 Bonner Circle,Paralegal,France,Marathi
Domingo,Cristofano,dcristofanog4@adobe.com,5 Caliangt Circle,Quality Control Specialist,Russia,Chuvash
Xenia,Cawkill,xcawkillg5@bloomberg.com,43 Northport Way,Assistant Manager,Indonesia,Tatar
Luci,Fancourt,lfancourtg6@unesco.org,4 Meadow Valley Crossing,Senior Quality Engineer,Sweden,Wolof
Cesare,Ward,cwardg7@123-reg.co.uk,507 Saint Paul Way,Senior Editor,Portugal,Fulah
Sal,Viccary,sviccaryg8@sfgate.com,370 Manufacturers Way,Research Assistant I,United States,Central Khmer
Reggie,MacLachlan,rmaclachlang9@behance.net,2476 Harbort Way,Sales Associate,Portugal,Sichuan Yi
Marcus,Guinn,mguinnga@pagesperso-orange.fr,709 Brown Way,Civil Engineer,China,Afrikaans
Charlot,Douglas,cdouglasgb@census.gov,98 Londonderry Terrace,Statistician II,Pakistan,"Ndebele, North"
Janith,Beadell,jbeadellgc@purevolume.com,6808 Rutledge Crossing,Marketing Manager,Japan,Rundi
Alphonso,Anscott,aanscottgd@ask.com,1159 Morning Place,Project Manager,Argentina,Corsican
Windy,Torri,wtorrige@earthlink.net,16 Crescent Oaks Pass,Director of Sales,Canada,Igbo
Inga,Biggar,ibiggargf@salon.com,79301 Raven Court,Pharmacist,Slovenia,Portuguese
Myrta,Gorcke,mgorckegg@webeden.co.uk,5133 Forster Park,VP Sales,Russia,Tamil
Herbert,Stockill,hstockillgh@fda.gov,142 Shopko Crossing,Director of Sales,Sweden,Chechen
Raymund,Hubble,rhubblegi@1und1.de,57 Hermina Court,Research Nurse,Poland,Walloon
Early,Ulster,eulstergj@parallels.com,0 Hudson Pass,Clinical Specialist,Russia,Tsonga
Arin,Badby,abadbygk@umich.edu,84454 Forest Hill,Compensation Analyst,Sweden,Aragonese
Marlo,Walesby,mwalesbygl@indiatimes.com,35340 Becker Place,Programmer III,Spain,Xhosa
Helene,Jambrozek,hjambrozekgm@moonfruit.com,7148 Claremont Pass,VP Sales,Portugal,Icelandic
Hoyt,Penny,hpennygn@imdb.com,0 Mallard Lane,Senior Sales Associate,Pakistan,Quechua
Lianna,Cruse,lcrusego@whitehouse.gov,3 Gerald Court,Marketing Manager,Cuba,Zhuang
Claretta,Cleverly,ccleverlygp@xinhuanet.com,893 Bashford Road,Marketing Manager,Indonesia,Arabic
Sauncho,Perutto,speruttogq@netlog.com,555 Bluestem Drive,Assistant Manager,Russia,Occitan (post 1500)
Quinta,Lewsie,qlewsiegr@smh.com.au,7 Mockingbird Terrace,Safety Technician I,France,Bislama
Kerrin,Bradnick,kbradnickgs@toplist.cz,9335 Jenna Crossing,Social Worker,Indonesia,Afar
Patrice,Pohls,ppohlsgt@furl.net,8292 Blackbird Street,Paralegal,Aruba,Kashmiri
Genevieve,Arguile,garguilegu@biblegateway.com,71 Pankratz Avenue,Social Worker,Russia,Hungarian
Corena,Roderigo,croderigogv@ihg.com,5 Monument Court,Account Executive,Venezuela,Romansh
Otis,Wheowall,owheowallgw@ning.com,00621 Dayton Hill,Information Systems Manager,France,Navajo
Theo,Raistrick,traistrickgx@goo.gl,00008 Dunning Road,Librarian,Morocco,Kalaallisut
Lynsey,Kelner,lkelnergy@patch.com,5 Arrowood Lane,Business Systems Development Analyst,Poland,Tagalog
Emelita,Arnott,earnottgz@comcast.net,3 Mcguire Parkway,VP Product Management,Indonesia,Indonesian
Lissa,Huxham,lhuxhamh0@xinhuanet.com,44 Harper Plaza,Speech Pathologist,China,Walloon
Kissie,Lightowler,klightowlerh1@chicagotribune.com,087 Pennsylvania Parkway,Administrative Assistant II,Sweden,Breton
Malvina,Thirlwell,mthirlwellh2@who.int,55737 Huxley Court,Research Assistant III,Indonesia,Western Frisian
Jenica,MacCaull,jmaccaullh3@eepurl.com,7099 Acker Street,Senior Cost Accountant,Angola,Slovenian
Orren,Clemendet,oclemendeth4@drupal.org,569 Pepper Wood Avenue,GIS Technical Architect,Azerbaijan,Church Slavic
Modestia,Arlt,marlth5@ycombinator.com,440 Stuart Point,Human Resources Manager,Bosnia and Herzegovina,Burmese
Minnnie,Westover,mwestoverh6@sciencedaily.com,48 Stuart Road,Office Assistant I,Poland,Turkmen
Lana,Piddlehinton,lpiddlehintonh7@posterous.com,1 Tennessee Avenue,Marketing Manager,Indonesia,Maltese
Aldin,Rizon,arizonh8@so-net.ne.jp,705 Manitowish Drive,Assistant Media Planner,Finland,Ewe
Thedrick,McCann,tmccannh9@eventbrite.com,16600 Sundown Parkway,Professor,Philippines,Lingala
Ulises,Kochl,ukochlha@twitpic.com,577 Weeping Birch Way,Graphic Designer,Canada,Inupiaq
Sunny,Forsaith,sforsaithhb@qq.com,02 Maple Place,Dental Hygienist,China,Breton
Gregorius,Barehead,gbareheadhc@dailymail.co.uk,4912 Tomscot Avenue,VP Accounting,Egypt,Tonga (Tonga Islands)
Annnora,Shawcroft,ashawcrofthd@ftc.gov,445 South Pass,Programmer I,Sweden,Esperanto
Lindsay,Crock,lcrockhe@auda.org.au,274 Raven Court,Compensation Analyst,Norway,Quechua
Conway,Sainsbury-Brown,csainsburybrownhf@nps.gov,367 Autumn Leaf Park,Chemical Engineer,Russia,Japanese
Gabi,Tabor,gtaborhg@e-recht24.de,6099 Fisk Lane,Civil Engineer,Indonesia,Romansh
Russ,January 1st,rjanuarysthh@blogspot.com,9843 Duke Junction,Senior Sales Associate,Russia,Tsonga
Myrlene,Alps,malpshi@java.com,651 Amoth Point,Biostatistician III,Indonesia,Pali
Edik,Egar,eegarhj@umich.edu,847 Vernon Way,Environmental Tech,Sri Lanka,Kikuyu
Alys,Jeeves,ajeeveshk@wikipedia.org,696 Old Gate Hill,Help Desk Technician,Moldova,Hindi
Anselma,Maydway,amaydwayhl@sohu.com,75487 Superior Hill,Developer I,Russia,Avestan
Lurline,Puxley,lpuxleyhm@networksolutions.com,77343 Thackeray Pass,Senior Sales Associate,Palestinian Territory,Hiri Motu
Aili,Mabbett,amabbetthn@kickstarter.com,29 Hudson Plaza,Physical Therapy Assistant,China,Maltese
Zacharias,Fullilove,zfulliloveho@disqus.com,846 Springview Lane,Nurse,China,Vietnamese
Kellina,Dicken,kdickenhp@angelfire.com,74900 Eastwood Trail,Marketing Manager,Philippines,Venda
Nicholle,Woodbridge,nwoodbridgehq@exblog.jp,2 Lakeland Lane,Senior Developer,Portugal,Kurdish
Mick,Wavell,mwavellhr@technorati.com,381 Grover Alley,Social Worker,Norway,Yiddish
Delmar,Bitten,dbittenhs@imageshack.us,3 Sage Circle,Health Coach III,Russia,Quechua
Norean,Bengtson,nbengtsonht@dailymotion.com,3 Fairview Street,VP Marketing,Indonesia,Nauru
Frederic,Nelm,fnelmhu@un.org,3495 Fulton Street,Internal Auditor,Argentina,Bambara
Babara,Brumwell,bbrumwellhv@spotify.com,94241 Mariners Cove Place,Web Designer I,Mexico,Hausa
Ulrich,Draper,udraperhw@ftc.gov,20 Sauthoff Plaza,Assistant Media Planner,Guadeloupe,Telugu
Hazlett,Parkisson,hparkissonhx@java.com,7435 Pearson Lane,Senior Financial Analyst,Russia,Rundi
Enrichetta,Coldridge,ecoldridgehy@tripod.com,8313 Messerschmidt Street,Automation Specialist I,Portugal,Urdu
Theo,Rowan,trowanhz@telegraph.co.uk,304 Sunbrook Place,Engineer II,Japan,Luxembourgish
Catie,Covell,ccovelli0@blogtalkradio.com,6656 Sloan Drive,Product Engineer,Guatemala,Sundanese
Deni,Fadian,dfadiani1@ovh.net,1 Milwaukee Hill,Paralegal,China,Ossetian
Ezechiel,Keeler,ekeeleri2@washingtonpost.com,3 2nd Circle,Sales Representative,Peru,Chinese
Chaunce,Sizzey,csizzeyi3@home.pl,6434 Holmberg Street,Computer Systems Analyst IV,Gabon,Chechen
Bibbie,Gaymar,bgaymari4@posterous.com,217 Stephen Point,Analyst Programmer,Portugal,Cree
Win,Forrestall,wforrestalli5@theglobeandmail.com,2165 Blue Bill Park Alley,Chemical Engineer,Germany,Urdu
Derward,Yurmanovev,dyurmanovevi6@live.com,707 Fairfield Junction,Associate Professor,Armenia,Italian
Fredericka,Mecchi,fmecchii7@uiuc.edu,413 Larry Street,Product Engineer,China,Maori
Donna,Nimmo,dnimmoi8@tinypic.com,3154 Jana Terrace,Technical Writer,Iran,Sanskrit
Hartley,Mallindine,hmallindinei9@theatlantic.com,48855 Corscot Trail,VP Product Management,Greece,Somali
Harriott,Pideon,hpideonia@360.cn,05976 Crest Line Crossing,General Manager,Argentina,Interlingua (International Auxiliary Language Association)
Alvis,Willcocks,awillcocksib@smh.com.au,0012 Manley Center,Quality Engineer,Japan,Thai
Sarita,Snap,ssnapic@dyndns.org,4388 Atwood Point,Engineer III,China,Maori
Quent,Rickaert,qrickaertid@china.com.cn,74652 Scott Lane,Help Desk Operator,Greenland,Akan
Allis,Brumble,abrumbleie@wunderground.com,8 Ridge Oak Junction,Sales Associate,Philippines,Kanuri
Wyatan,Tumini,wtuminiif@boston.com,2207 Anhalt Way,Tax Accountant,Cameroon,Chamorro
Isa,Springett,ispringettig@odnoklassniki.ru,766 Carioca Trail,Community Outreach Specialist,China,Korean
Ibbie,Dobrowolny,idobrowolnyih@123-reg.co.uk,931 Stone Corner Terrace,Nuclear Power Engineer,China,Abkhazian
Gilburt,Verdy,gverdyii@wiley.com,699 Fulton Trail,Database Administrator IV,Poland,Sindhi
Josefina,McQueen,jmcqueenij@tuttocitta.it,471 Lindbergh Trail,Associate Professor,China,Tajik
Junie,Soppit,jsoppitik@technorati.com,08 Manufacturers Alley,Actuary,China,Manx
Yuri,Kennan,ykennanil@pagesperso-orange.fr,1100 Brickson Park Parkway,Paralegal,Philippines,Avestan
Gerhardine,Sewall,gsewallim@creativecommons.org,57 Park Meadow Center,Quality Control Specialist,China,English
Selinda,Immings,simmingsin@pen.io,8180 Helena Crossing,Environmental Specialist,Portugal,Sinhala
Michail,Whiting,mwhitingio@ftc.gov,2 Glacier Hill Parkway,Chief Design Engineer,Iraq,Dutch
Hector,Thuillier,hthuillierip@oakley.com,824 Quincy Alley,Account Representative I,Czech Republic,Spanish
Pedro,Chadband,pchadbandiq@lycos.com,714 Goodland Road,Computer Systems Analyst I,Peru,"Greek, Modern (1453-)"
Ursulina,Austick,uaustickir@tumblr.com,65912 Dawn Road,Director of Sales,Philippines,Chechen
Boot,Newtown,bnewtownis@economist.com,01922 Eastlawn Trail,Web Developer I,Indonesia,Swati
Lamar,Sinnock,lsinnockit@statcounter.com,75 Linden Center,Programmer Analyst III,Indonesia,Sindhi
Catlaina,Anstead,cansteadiu@istockphoto.com,9157 Harper Center,Senior Editor,Russia,Serbian
Ellary,Buche,ebucheiv@google.it,18241 Drewry Parkway,Senior Editor,Philippines,Sanskrit
Hanna,Piff,hpiffiw@symantec.com,81 Grover Trail,Web Developer III,Brazil,Western Frisian
Noah,Hannigan,nhanniganix@hatena.ne.jp,975 Jay Lane,Analyst Programmer,Ecuador,Hindi
Elli,Gatrill,egatrilliy@wikimedia.org,731 Pennsylvania Center,Engineer I,Greece,Quechua
Moshe,Asman,masmaniz@cbsnews.com,123 Kings Place,Administrative Assistant II,Poland,Malay
Brian,Macbane,bmacbanej0@gizmodo.com,0458 Vidon Drive,Account Executive,Thailand,Swahili
Moe,Truder,mtruderj1@biblegateway.com,5 Sauthoff Point,Senior Sales Associate,Hungary,Lingala
Finlay,Jaume,fjaumej2@blogger.com,7 Hoffman Circle,Assistant Media Planner,Japan,Northern Sami
Charline,Kennifeck,ckennifeckj3@simplemachines.org,1387 Johnson Circle,Compensation Analyst,China,Marshallese
Jameson,Antonopoulos,jantonopoulosj4@mapquest.com,40838 Brentwood Court,VP Sales,Argentina,Telugu
Nicola,Hurley,nhurleyj5@google.nl,3 Victoria Road,Information Systems Manager,Morocco,Cornish
Alberta,Pfertner,apfertnerj6@stumbleupon.com,5085 Mendota Plaza,Graphic Designer,France,Urdu
Lizabeth,Earpe,learpej7@europa.eu,29 Melody Avenue,Compensation Analyst,China,Sichuan Yi
Isobel,Goldster,igoldsterj8@goo.gl,203 Petterle Trail,Business Systems Development Analyst,Vietnam,Hindi
Audrie,Adin,aadinj9@nasa.gov,0990 Ludington Place,Software Consultant,Nigeria,Panjabi
Emlyn,Hoff,ehoffja@mac.com,2 Express Trail,VP Marketing,Peru,Interlingua (International Auxiliary Language Association)
Maurine,Lawton,mlawtonjb@ox.ac.uk,29214 Pine View Road,Recruiting Manager,Russia,Tamil
Katya,Liversidge,kliversidgejc@forbes.com,81 Stoughton Trail,Junior Executive,Indonesia,Kirghiz
Tabor,Waliszewski,twaliszewskijd@ebay.co.uk,68 3rd Plaza,Research Associate,China,Italian
Holt,Greetham,hgreethamje@noaa.gov,0330 Garrison Center,Information Systems Manager,Indonesia,Haitian
Larry,Foyle,lfoylejf@adobe.com,0453 Kenwood Drive,Librarian,Sri Lanka,Haitian
Algernon,Stucke,astuckejg@shareasale.com,13 Londonderry Alley,Financial Advisor,Canada,Bengali
Dell,Dodd,ddoddjh@plala.or.jp,07 Clemons Lane,Automation Specialist II,China,Western Frisian
Fiona,Bolderoe,fbolderoeji@cdbaby.com,20416 Stoughton Road,Senior Sales Associate,Brazil,Inuktitut
Dougie,Emett,demettjj@npr.org,8882 Golf View Circle,Payment Adjustment Coordinator,Sweden,Inuktitut
Albertina,Reaney,areaneyjk@princeton.edu,078 Debra Lane,Executive Secretary,Philippines,Aragonese
Norbert,Treagust,ntreagustjl@netlog.com,0 Katie Trail,Senior Developer,Denmark,Malayalam
Adrianna,Poyner,apoynerjm@prweb.com,73298 Randy Way,Pharmacist,Iran,Kannada
Shanda,Catto,scattojn@sitemeter.com,58460 Northland Alley,Automation Specialist IV,France,Telugu
Lorie,Farncombe,lfarncombejo@cnet.com,9614 Dahle Road,Health Coach III,United States,Fulah
Katusha,Roswarne,kroswarnejp@sitemeter.com,985 West Point,Chief Design Engineer,Philippines,Sinhala
Esma,Goulstone,egoulstonejq@blogger.com,96 Goodland Lane,Professor,Japan,Luxembourgish
Barbra,Klimushev,bklimushevjr@cdc.gov,53812 Helena Street,Account Representative IV,Brazil,Afrikaans
Clari,Lannin,clanninjs@whitehouse.gov,5723 Dovetail Park,Analyst Programmer,China,Romanian
Roy,McIlharga,rmcilhargajt@discuz.net,3 Sloan Plaza,VP Sales,Philippines,Latvian
Cary,Alenin,caleninju@bravesites.com,36 Mcbride Lane,Administrative Assistant IV,Ukraine,Croatian
Karoly,Jurs,kjursjv@hibu.com,96 Anzinger Terrace,Account Executive,Ukraine,Ganda
Rachele,Hallock,rhallockjw@histats.com,4 Blaine Plaza,Staff Accountant I,Russia,"Ndebele, South"
Zarla,Marfell,zmarfelljx@pbs.org,74 Kropf Lane,Database Administrator II,Indonesia,Bosnian
Ronna,Viollet,rviolletjy@cargocollective.com,84463 North Alley,Teacher,Japan,Turkish
Ranice,De Paoli,rdepaolijz@canalblog.com,9423 Forest Hill,Environmental Specialist,South Africa,Limburgan
Davis,Jose,djosek0@prnewswire.com,095 Waubesa Place,Quality Control Specialist,Israel,Belarusian
Kevyn,Ferrarese,kferraresek1@wix.com,7278 Sauthoff Terrace,Community Outreach Specialist,Philippines,Bislama
Halley,Djekovic,hdjekovick2@admin.ch,29429 Bunker Hill Place,Chief Design Engineer,Croatia,Xhosa
Dick,Flye,dflyek3@simplemachines.org,9584 Artisan Alley,Nurse Practicioner,Ireland,Volapük
Vinny,Christian,vchristiank4@msu.edu,271 Barby Way,Systems Administrator II,Japan,Hausa
Aubert,Graeme,agraemek5@hud.gov,19000 Basil Drive,Web Designer III,China,Kashmiri
Linus,Hakewell,lhakewellk6@4shared.com,3 Atwood Junction,Senior Editor,Lesotho,Telugu
Hoyt,Leif,hleifk7@vistaprint.com,5585 Atwood Plaza,Automation Specialist IV,Poland,Avestan
Chrystel,Kynastone,ckynastonek8@jigsy.com,491 Express Drive,Nurse Practicioner,France,Javanese
Fifine,Philliphs,fphilliphsk9@mysql.com,152 Talisman Court,Office Assistant III,Poland,Kashmiri
Jsandye,Ruslen,jruslenka@berkeley.edu,82 Hagan Trail,Administrative Officer,Czech Republic,Swati
Tuesday,Bunning,tbunningkb@e-recht24.de,44904 Carpenter Drive,Database Administrator IV,China,Akan
Amalea,Pancost,apancostkc@aol.com,9409 Shoshone Plaza,Account Coordinator,Japan,Indonesian
Astra,Triggol,atriggolkd@washingtonpost.com,95 Macpherson Parkway,Web Designer III,Indonesia,French
Ophelia,Gauche,ogaucheke@marriott.com,7217 Oxford Street,Geological Engineer,Japan,Aymara
Mabelle,Vedntyev,mvedntyevkf@gov.uk,68 Eastwood Center,Marketing Manager,Thailand,Estonian
Pincas,Garvin,pgarvinkg@comsenz.com,02811 Hanson Park,Operator,Portugal,Walloon
Chiarra,Varfolomeev,cvarfolomeevkh@pcworld.com,9 Haas Park,Nurse,Malaysia,French
Petra,Easson,peassonki@alexa.com,991 Brickson Park Center,Account Executive,Mali,English
Felicle,Langsbury,flangsburykj@issuu.com,26913 Beilfuss Park,GIS Technical Architect,Japan,Oromo
Kenna,Corselles,kcorselleskk@blogtalkradio.com,3 Myrtle Lane,Actuary,Azerbaijan,Guarani
Malissia,Grichukhin,mgrichukhinkl@ucoz.com,92 Sachtjen Crossing,Office Assistant I,Panama,Korean
Hamlen,Spall,hspallkm@slideshare.net,762 Paget Alley,Actuary,Brazil,Chinese
Kizzie,Vaissiere,kvaissierekn@princeton.edu,994 Anzinger Way,Internal Auditor,Portugal,Burmese
Rasia,Matijevic,rmatijevicko@arizona.edu,1619 Del Sol Way,Financial Analyst,Sweden,Danish
Kira,Kepe,kkepekp@spotify.com,1 Corscot Drive,Tax Accountant,Colombia,French
Mariann,Pheazey,mpheazeykq@bing.com,68 Forest Place,Associate Professor,Sudan,Romanian
Casie,Runsey,crunseykr@amazonaws.com,4 Havey Point,Occupational Therapist,Indonesia,Faroese
Brok,Gomery,bgomeryks@reuters.com,69 Northland Terrace,Staff Accountant II,China,Avestan
Agosto,Lomasna,alomasnakt@flavors.me,50 Lillian Parkway,Safety Technician III,Palestinian Territory,Polish
Nikkie,Shrimpling,nshrimplingku@bloomberg.com,3 Hintze Junction,Structural Engineer,Portugal,Urdu
Grannie,Tivers,gtiverskv@networkadvertising.org,0906 Service Lane,Staff Accountant II,Senegal,"Sotho, Southern"
Cyrillus,Burhouse,cburhousekw@friendfeed.com,9445 Arapahoe Street,Community Outreach Specialist,Bulgaria,Akan
Kate,Sinnocke,ksinnockekx@mlb.com,37797 Meadow Vale Way,GIS Technical Architect,Peru,Cornish
Gertrud,McGee,gmcgeeky@mapy.cz,9 Sycamore Junction,Web Developer III,Philippines,Tagalog
Libby,Edsell,ledsellkz@china.com.cn,255 Talmadge Plaza,Junior Executive,Madagascar,Afrikaans
Chadd,Ditzel,cditzell0@google.it,3 5th Lane,Computer Systems Analyst II,Russia,Malagasy
Cassandry,Westgate,cwestgatel1@jiathis.com,3566 Miller Parkway,Speech Pathologist,Macedonia,Wolof
Maurise,Covet,mcovetl2@typepad.com,754 Bultman Plaza,Registered Nurse,China,Urdu
Sandra,Olliar,solliarl3@themeforest.net,562 American Drive,General Manager,Central African Republic,Amharic
Becka,Slesser,bslesserl4@yolasite.com,822 Menomonie Court,Dental Hygienist,Poland,Sichuan Yi
Aubry,Bradnick,abradnickl5@stumbleupon.com,6494 Beilfuss Lane,Engineer I,Greece,Vietnamese
Lancelot,Tomkowicz,ltomkowiczl6@instagram.com,4815 Comanche Road,Design Engineer,Japan,Ewe
Guenna,Kemish,gkemishl7@cpanel.net,5 Mccormick Junction,Senior Financial Analyst,Ukraine,Afrikaans
Orbadiah,McMackin,omcmackinl8@bandcamp.com,61 Hoffman Hill,Automation Specialist II,China,Macedonian
Karita,Millsap,kmillsapl9@usatoday.com,39 Butterfield Street,Senior Financial Analyst,Portugal,Bambara
Johnathan,Mawby,jmawbyla@examiner.com,9 Anthes Trail,Cost Accountant,Russia,Ewe
Jasmine,Lark,jlarklb@vimeo.com,32 Little Fleur Point,Systems Administrator IV,Zambia,Assamese
Broddy,Bletso,bbletsolc@cargocollective.com,7 Oak Park,Pharmacist,China,Navajo
Von,Seed,vseedld@soup.io,37059 Park Meadow Road,Operator,Mexico,Kikuyu
Marja,Brunelleschi,mbrunelleschile@reference.com,07 Montana Point,Marketing Manager,Indonesia,Haitian
Desi,Magarrell,dmagarrelllf@indiatimes.com,9 Miller Point,Data Coordinator,Indonesia,Macedonian
Marlon,Ellingham,mellinghamlg@alibaba.com,97832 Eagan Street,Staff Accountant III,Russia,Ossetian
Pearline,Cockshott,pcockshottlh@msn.com,38 Nelson Drive,VP Product Management,France,Tsonga
Mara,Covil,mcovilli@barnesandnoble.com,9966 Mcguire Parkway,Social Worker,China,Chechen
Lefty,Sherwyn,lsherwynlj@gizmodo.com,214 Meadow Vale Lane,Help Desk Operator,China,Interlingue
Jone,Mac Giany,jmacgianylk@chronoengine.com,57921 Mcbride Court,Payment Adjustment Coordinator,Belarus,Kazakh
Lulu,Murrells,lmurrellsll@vk.com,0431 Beilfuss Plaza,Structural Analysis Engineer,China,Dutch
Amberly,Bhar,abharlm@businessweek.com,14545 Burrows Trail,Account Representative II,China,Bashkir
Georgeta,Stocker,gstockerln@prlog.org,2763 Bultman Pass,Food Chemist,Russia,Chuvash
Beck,Georghiou,bgeorghioulo@reddit.com,7170 Hoepker Terrace,Account Coordinator,Brazil,Norwegian
Cleon,Mackison,cmackisonlp@spiegel.de,959 Schiller Way,Sales Associate,South Korea,Luba-Katanga
Sullivan,Carbett,scarbettlq@mapy.cz,37245 Lindbergh Terrace,VP Quality Control,China,Haitian
Jean,Demanche,jdemanchelr@acquirethisname.com,6784 Namekagon Circle,Assistant Professor,Egypt,Malagasy
Patsy,Raggett,praggettls@bluehost.com,4 Valley Edge Center,Cost Accountant,Indonesia,Portuguese
Kylen,Goudard,kgoudardlt@de.vu,506 Hazelcrest Parkway,Graphic Designer,Kuwait,Western Frisian
Jasmine,Siebart,jsiebartlu@indiatimes.com,28 Johnson Avenue,Physical Therapy Assistant,Ethiopia,Yiddish
Zondra,Mitrikhin,zmitrikhinlv@cam.ac.uk,8075 Mifflin Parkway,Software Engineer I,Poland,Galician
Warde,Keast,wkeastlw@salon.com,2883 Iowa Pass,Administrative Assistant I,China,Gaelic
Chrystel,Eicheler,ceichelerlx@dell.com,1679 Hallows Terrace,Internal Auditor,China,Portuguese
Shelli,Theunissen,stheunissenly@noaa.gov,744 Cottonwood Point,Help Desk Operator,Brazil,Uzbek
Caesar,Formilli,cformillilz@alibaba.com,3391 Westerfield Plaza,General Manager,Sierra Leone,Galician
Ailis,Cruddace,acruddacem0@dedecms.com,7 Haas Avenue,Sales Representative,Indonesia,Hindi
Siusan,Glennon,sglennonm1@time.com,850 Scoville Court,Software Test Engineer II,Panama,Sardinian
Erna,Mussington,emussingtonm2@java.com,2002 Bay Crossing,Speech Pathologist,Central African Republic,Azerbaijani
Tanney,Rawood,trawoodm3@ocn.ne.jp,8 Lighthouse Bay Junction,Programmer I,Indonesia,Turkmen
Tann,Gutcher,tgutcherm4@newsvine.com,4 Merry Parkway,Human Resources Manager,Poland,Georgian
Jerrie,Dunphy,jdunphym5@constantcontact.com,0892 Eagle Crest Pass,Environmental Tech,Portugal,Sundanese
Cary,Woolnough,cwoolnoughm6@soup.io,6633 Graceland Junction,Occupational Therapist,Indonesia,Hausa
Jaquelin,Beagles,jbeaglesm7@army.mil,1 Maple Way,Human Resources Manager,China,Uzbek
Charlotta,Cellone,ccellonem8@mayoclinic.com,774 Mcguire Center,Nurse Practicioner,United Kingdom,"Ndebele, South"
Giovanni,Staynes,gstaynesm9@over-blog.com,089 Shopko Plaza,Media Manager IV,Poland,Venda
Flore,Drohan,fdrohanma@opensource.org,22 Loeprich Center,Speech Pathologist,Ukraine,Afar
Cordie,Gillyett,cgillyettmb@weather.com,179 Shoshone Terrace,Computer Systems Analyst IV,France,Somali
Itch,Gaffney,igaffneymc@moonfruit.com,8 Bayside Street,Graphic Designer,Ukraine,Ndonga
Carlina,Plumbridge,cplumbridgemd@vimeo.com,7160 Lighthouse Bay Park,Compensation Analyst,Indonesia,Galician
Dewey,Bust,dbustme@flavors.me,5195 Stoughton Crossing,Engineer I,Yemen,Tajik
Sam,Zupo,szupomf@tumblr.com,0 Sauthoff Drive,Paralegal,Brazil,Kirghiz
Claus,Bewley,cbewleymg@amazonaws.com,6 Esker Parkway,Marketing Assistant,Poland,Afrikaans
Blair,Larvor,blarvormh@upenn.edu,24 Pine View Drive,Analog Circuit Design manager,Indonesia,Armenian
Kessia,Nutt,knuttmi@hp.com,4 Forest Run Street,Recruiting Manager,Philippines,Portuguese
Lydon,Rogers,lrogersmj@state.tx.us,1748 Pennsylvania Avenue,Marketing Manager,Sweden,Arabic
Miguel,Reasce,mreascemk@latimes.com,35 Waywood Parkway,Information Systems Manager,Philippines,Javanese
Cirstoforo,Swinbourne,cswinbourneml@amazon.com,46 Homewood Pass,Programmer Analyst II,China,Tigrinya
Dorie,Keyden,dkeydenmm@dot.gov,92250 North Park,Senior Quality Engineer,China,Turkish
Dorotea,Rumsey,drumseymn@sakura.ne.jp,92579 Bowman Place,Actuary,Belarus,Kinyarwanda
Henriette,Kerwen,hkerwenmo@cargocollective.com,0429 Summit Plaza,Technical Writer,Poland,Fulah
Wilhelmina,Doding,wdodingmp@who.int,772 Doe Crossing Center,Help Desk Technician,China,Oromo
Mathilde,By,mbymq@google.pl,0 Tony Drive,Electrical Engineer,Philippines,Malagasy
Myrta,Priver,mprivermr@oracle.com,410 Mockingbird Center,Analog Circuit Design manager,Indonesia,Portuguese
Becka,Chastelain,bchastelainms@cpanel.net,14 Ridge Oak Junction,Actuary,Russia,Luba-Katanga
Suellen,Kitt,skittmt@people.com.cn,37834 Memorial Junction,Cost Accountant,Brazil,Telugu
Mariana,Camelli,mcamellimu@gizmodo.com,019 Schurz Park,Engineer III,Vietnam,Macedonian
Willard,Pelosi,wpelosimv@walmart.com,4 Milwaukee Point,Business Systems Development Analyst,Canada,Tigrinya
Shaun,Ahern,sahernmw@homestead.com,3 Arkansas Crossing,Data Coordinator,Indonesia,Latvian
Victoir,Cantu,vcantumx@psu.edu,415 Arapahoe Place,Information Systems Manager,China,English
Catharina,Feedome,cfeedomemy@squidoo.com,478 Trailsway Parkway,Community Outreach Specialist,China,Aragonese
Di,Highton,dhightonmz@abc.net.au,2 Continental Parkway,Financial Analyst,China,Twi
Legra,Bransom,lbransomn0@macromedia.com,89 Cascade Court,Programmer III,Indonesia,Dutch
Garey,Meo,gmeon1@china.com.cn,88004 Petterle Point,Recruiting Manager,Israel,Belarusian
Audrye,Maymand,amaymandn2@ucsd.edu,8 Center Alley,Senior Cost Accountant,Portugal,Samoan
Pavel,Smallcombe,psmallcomben3@eepurl.com,06 Pearson Circle,Computer Systems Analyst II,China,Arabic
Geordie,Brundill,gbrundilln4@marketwatch.com,9268 Morning Point,Pharmacist,Panama,Latvian
Gradey,Ganford,gganfordn5@yellowbook.com,0286 Summerview Way,Engineer I,Indonesia,Somali
Murry,Pryce,mprycen6@bandcamp.com,4 Pleasure Street,Social Worker,Estonia,Luxembourgish
Silvio,Gallaher,sgallahern7@bravesites.com,4 Kim Crossing,Budget/Accounting Analyst IV,Brazil,Uighur
Kara-lynn,Dunkerton,kdunkertonn8@mail.ru,5 Morning Lane,Safety Technician II,France,Xhosa
Ric,Elsip,relsipn9@vkontakte.ru,73567 Warbler Lane,Chemical Engineer,Ireland,Catalan
Ag,Huglin,ahuglinna@samsung.com,53 Summit Plaza,Design Engineer,Haiti,Volapük
Maegan,Cella,mcellanb@bloglovin.com,5 Arizona Lane,Software Engineer I,Brazil,Swati
Anthiathia,Anstead,aansteadnc@booking.com,9 South Crossing,Physical Therapy Assistant,France,"Sotho, Southern"
Cheryl,Goldsack,cgoldsacknd@foxnews.com,70 Melody Hill,Computer Systems Analyst III,China,Quechua
Oralie,Mordy,omordyne@sun.com,85219 Anderson Alley,Occupational Therapist,Indonesia,Sindhi
Tobe,Rentalll,trentalllnf@ibm.com,49 Bunting Junction,Quality Engineer,Czech Republic,Nauru
Joelly,Repp,jreppng@timesonline.co.uk,99967 Cascade Crossing,Software Consultant,Peru,English
Baron,Flury,bflurynh@pinterest.com,9773 Roth Terrace,Sales Associate,China,Swati
Evvie,Gwin,egwinni@nsw.gov.au,5740 Glacier Hill Point,Accountant I,Indonesia,Ojibwa
Sigfrid,Ales,salesnj@mail.ru,10051 Sloan Center,Data Coordinator,Thailand,Marshallese
Archer,Virgoe,avirgoenk@digg.com,642 Goodland Drive,Nuclear Power Engineer,France,Kazakh
Claudelle,Skippon,cskipponnl@earthlink.net,8 Transport Circle,Junior Executive,Kenya,Ojibwa
Lothario,Vennings,lvenningsnm@toplist.cz,7 Hoffman Plaza,Software Engineer II,Maldives,Azerbaijani
Tomasina,Siverns,tsivernsnn@hibu.com,5 Coolidge Road,Financial Analyst,Poland,Avestan
Tannie,Jellybrand,tjellybrandno@auda.org.au,13 Pepper Wood Court,Database Administrator I,China,Akan
Franny,Henzley,fhenzleynp@princeton.edu,47982 Clyde Gallagher Place,Software Consultant,Poland,Tigrinya
Idette,Pennells,ipennellsnq@themeforest.net,14 Haas Road,Assistant Professor,China,Ewe
Alfie,McRinn,amcrinnnr@spiegel.de,83 International Lane,Payment Adjustment Coordinator,Portugal,Venda
Kathryne,Chmarny,kchmarnyns@icio.us,36 Maple Avenue,Registered Nurse,Germany,Javanese
Grazia,Malt,gmaltnt@ocn.ne.jp,3511 Elka Point,Software Test Engineer III,Poland,Marathi
Minerva,Mussared,mmussarednu@huffingtonpost.com,5 Arkansas Court,Internal Auditor,Afghanistan,"Ndebele, South"
Trude,Verling,tverlingnv@ehow.com,92 Schiller Park,GIS Technical Architect,Albania,Divehi
Kailey,Pirolini,kpirolininw@hubpages.com,363 Lyons Road,Cost Accountant,Bolivia,Georgian
Marleen,Skatcher,mskatchernx@comcast.net,99 Marcy Junction,Structural Engineer,Russia,Turkmen
Levey,Haspineall,lhaspineallny@nbcnews.com,7 Del Mar Crossing,Community Outreach Specialist,China,Turkish
Currie,Abrams,cabramsnz@studiopress.com,48 Saint Paul Road,Developer IV,Portugal,Oromo
Jeanne,Beese,jbeeseo0@biblegateway.com,2074 Briar Crest Way,Internal Auditor,Argentina,Manx
Berkley,Stennings,bstenningso1@fc2.com,77405 Carberry Street,Accountant I,Canada,Western Frisian
Dasya,Mendenhall,dmendenhallo2@ed.gov,416 Melody Avenue,Assistant Media Planner,France,Bengali
Sherlock,Levesque,slevesqueo3@odnoklassniki.ru,7036 Mandrake Parkway,Librarian,Russia,Volapük
Cass,Danielsson,cdanielssono4@artisteer.com,6 Knutson Plaza,Chemical Engineer,Philippines,Thai
Chilton,Stockney,cstockneyo5@multiply.com,33 Scoville Street,Account Representative II,United States,Ojibwa
Nina,Custance,ncustanceo6@delicious.com,93 Graceland Avenue,Software Engineer III,Philippines,Occitan (post 1500)
Zedekiah,Hempshall,zhempshallo7@wikimedia.org,1 Pine View Crossing,Help Desk Operator,Russia,Malayalam
Alleyn,Hannibal,ahannibalo8@go.com,54581 Sunbrook Way,Assistant Media Planner,Uzbekistan,Ukrainian
Manny,Aysik,maysiko9@unicef.org,32 Morrow Parkway,Chief Design Engineer,Indonesia,Sinhala
Gerrilee,Vala,gvalaoa@marketwatch.com,311 Burrows Lane,Biostatistician IV,Argentina,Catalan
Perceval,Allston,pallstonob@flickr.com,506 Ridgeway Way,Technical Writer,Thailand,Kikuyu
Alejoa,Giacomini,agiacominioc@yale.edu,2932 Forest Junction,Social Worker,Bosnia and Herzegovina,Luba-Katanga
Alair,Casini,acasiniod@ocn.ne.jp,22533 Tennyson Street,Community Outreach Specialist,Nigeria,Slovenian
Melodie,Cronin,mcroninoe@bloglovin.com,9 La Follette Trail,Civil Engineer,Indonesia,Slovenian
Arielle,Davids,adavidsof@networksolutions.com,928 Northport Lane,Occupational Therapist,Russia,Volapük
Panchito,Thebe,pthebeog@slideshare.net,88849 Harbort Pass,Statistician IV,China,Uzbek
Suzy,Jenyns,sjenynsoh@abc.net.au,70735 Del Sol Street,Graphic Designer,Mexico,Quechua
Natty,Jikovsky,njikovskyoi@jiathis.com,0 Jay Plaza,Database Administrator IV,United States,Korean
Vivie,Brierton,vbriertonoj@cnet.com,92 Namekagon Center,Nurse Practicioner,China,Bashkir
Chrissy,Guilford,cguilfordok@devhub.com,3 Lake View Way,Librarian,South Africa,Hindi
Sallee,Makepeace,smakepeaceol@canalblog.com,95 Hayes Point,Recruiter,New Caledonia,Wolof
Pauly,Reuble,preubleom@wufoo.com,58584 Ryan Plaza,Account Coordinator,Portugal,Assamese
Shaun,Leyre,sleyreon@youtube.com,797 Dorton Way,Pharmacist,Poland,Malayalam
Kimberlee,McGougan,kmcgouganoo@amazon.co.uk,22 Basil Lane,VP Accounting,Philippines,Kinyarwanda
Madeline,Angrove,mangroveop@deviantart.com,889 Westport Street,Librarian,Indonesia,Aymara
Della,McMeeking,dmcmeekingoq@jalbum.net,100 Linden Crossing,Engineer II,Colombia,Kikuyu
Sim,Lorens,slorensor@scribd.com,454 Springview Drive,Pharmacist,China,Croatian
Hortensia,Gilliland,hgillilandos@nasa.gov,25037 Gale Crossing,Technical Writer,China,Tsonga
Constance,Skep,cskepot@etsy.com,6 Brickson Park Place,VP Marketing,Brazil,Ewe
Kristofor,Itzkovsky,kitzkovskyou@harvard.edu,9 Monument Junction,Recruiting Manager,China,Luxembourgish
Kendell,Minihan,kminihanov@bravesites.com,95185 Dixon Center,Sales Representative,Armenia,Tswana
Marrissa,McKenny,mmckennyow@list-manage.com,4024 Sheridan Circle,Legal Assistant,Sweden,Tibetan
Ogdon,Dael,odaelox@hexun.com,88307 Summerview Point,Programmer Analyst I,China,Ojibwa
Shani,Lawee,slaweeoy@amazon.de,693 Fulton Street,Financial Advisor,Brazil,Hungarian
Cicely,Vasser,cvasseroz@mashable.com,47847 Golf Place,Software Engineer II,Nigeria,"Ndebele, North"
Herman,Petrolli,hpetrollip0@npr.org,63043 Birchwood Street,Geologist IV,Russia,Catalan
Ethelyn,Rance,erancep1@sbwire.com,4551 Burning Wood Place,Quality Engineer,United States,Latvian
Susette,Shilton,sshiltonp2@home.pl,0 Cascade Trail,Mechanical Systems Engineer,China,Chuvash
Bald,Sandland,bsandlandp3@jiathis.com,176 Russell Drive,Human Resources Manager,Philippines,Cree
Bernarr,Tomaskov,btomaskovp4@shinystat.com,41 Dottie Crossing,Office Assistant II,China,Kannada
Candida,Staden,cstadenp5@elegantthemes.com,5 Canary Alley,Payment Adjustment Coordinator,China,Irish
Ronni,Battams,rbattamsp6@hubpages.com,08031 Lake View Terrace,Senior Sales Associate,Ukraine,Venda
Trisha,Shurmer,tshurmerp7@amazon.co.uk,97564 Linden Road,Payment Adjustment Coordinator,Indonesia,Sango
Falito,Eplate,feplatep8@nationalgeographic.com,41 Victoria Way,Marketing Manager,China,Javanese
Clerissa,Speechley,cspeechleyp9@gnu.org,095 Badeau Crossing,Social Worker,Philippines,Javanese
Tanney,Morrilly,tmorrillypa@example.com,41317 Barnett Point,Professor,New Zealand,Slovenian
Wat,Yarnton,wyarntonpb@mtv.com,20 Scoville Way,Financial Advisor,China,Interlingua (International Auxiliary Language Association)
Sylvan,Kwiek,skwiekpc@pcworld.com,11 Trailsway Court,Environmental Tech,China,Pali
Bell,Millwall,bmillwallpd@yelp.com,109 Lakeland Trail,Librarian,Poland,Oromo
Lenore,Oxenden,loxendenpe@ucoz.ru,2 Miller Street,Engineer III,Indonesia,Avestan
Rosemonde,Ferreli,rferrelipf@woothemes.com,6693 Fieldstone Trail,Sales Representative,Indonesia,Catalan
Davie,Stebbing,dstebbingpg@google.co.jp,6279 Anniversary Hill,Paralegal,Cape Verde,Armenian
Rand,Bettleson,rbettlesonph@discovery.com,074 Prentice Trail,Human Resources Manager,France,Navajo
Andie,Redemile,aredemilepi@dailymail.co.uk,2 Granby Drive,Chief Design Engineer,South Africa,Shona
Bink,Clewer,bclewerpj@netscape.com,03377 La Follette Point,Accounting Assistant I,China,Russian
Anders,Verey,avereypk@nyu.edu,2 Pearson Road,Financial Analyst,Brazil,Manx
Glen,Downey,gdowneypl@unblog.fr,8904 Jenna Road,Pharmacist,China,Amharic
Shana,Pulham,spulhampm@accuweather.com,5 Anhalt Terrace,Nurse,Russia,Sindhi
Mirella,Lawrey,mlawreypn@csmonitor.com,2686 Forest Dale Plaza,Technical Writer,Tunisia,Rundi
Barry,Gianullo,bgianullopo@fastcompany.com,47 Bunker Hill Way,Structural Engineer,Belarus,Luba-Katanga
Felita,Toun,ftounpp@nbcnews.com,93 Sunfield Street,Statistician III,Czech Republic,Hausa
Brear,Toretta,btorettapq@hhs.gov,905 Heffernan Center,Research Nurse,France,Northern Sami
Dorisa,Wilstead,dwilsteadpr@blogs.com,95 Londonderry Trail,Associate Professor,United States,Persian
Amelie,Norgan,anorganps@google.it,9 Springview Center,Teacher,Serbia,Komi
Camey,Gambell,cgambellpt@wikispaces.com,05 Judy Trail,Chief Design Engineer,China,Estonian
Henrieta,Bradden,hbraddenpu@wiley.com,08319 Bashford Pass,Teacher,Philippines,Japanese
Pietrek,Prestage,pprestagepv@theatlantic.com,02 Declaration Street,Recruiter,Japan,Faroese
Mommy,Mattinson,mmattinsonpw@oaic.gov.au,389 Texas Court,Web Developer IV,Thailand,Guarani
Bran,Coster,bcosterpx@dion.ne.jp,83 Gina Drive,Software Engineer II,Afghanistan,Sanskrit
Gloriane,Valdes,gvaldespy@rakuten.co.jp,44 8th Trail,Editor,Moldova,Tajik
Fernande,Haws,fhawspz@vinaora.com,800 Mitchell Junction,VP Product Management,Colombia,Burmese
Niki,Fellgett,nfellgettq0@123-reg.co.uk,9710 La Follette Parkway,Accounting Assistant III,China,Catalan
Chad,Lambart,clambartq1@hexun.com,0 Heath Drive,Information Systems Manager,Myanmar,Manx
Annamarie,Jaray,ajarayq2@walmart.com,0 Gina Circle,Senior Quality Engineer,China,Tonga (Tonga Islands)
Imogen,Maskrey,imaskreyq3@imgur.com,3146 Laurel Drive,Director of Sales,Brazil,Polish
Wyatt,Feek,wfeekq4@barnesandnoble.com,4810 Hollow Ridge Way,Teacher,China,Central Khmer
Sibby,Sturgis,ssturgisq5@angelfire.com,08 Kingsford Circle,Recruiter,Ukraine,Interlingua (International Auxiliary Language Association)
Tony,Eary,tearyq6@github.com,461 North Place,General Manager,Mayotte,Ukrainian
Nedi,Umbert,numbertq7@jimdo.com,87 Warner Avenue,VP Sales,Paraguay,Breton
Jerad,Hundall,jhundallq8@wisc.edu,67456 Rieder Parkway,Engineer III,China,Fulah
Dominik,Charlson,dcharlsonq9@jiathis.com,14 Mcguire Plaza,Health Coach I,China,Arabic
Evelyn,Evans,eevansqa@sphinn.com,4748 Clove Trail,Information Systems Manager,Poland,Kannada
Karoline,Lowings,klowingsqb@earthlink.net,6452 New Castle Terrace,Analog Circuit Design manager,France,Volapük
Winthrop,Langham,wlanghamqc@alibaba.com,7 Cascade Terrace,Account Coordinator,China,Portuguese
Robinia,Bleue,rbleueqd@constantcontact.com,9 Russell Place,Administrative Assistant III,Indonesia,Russian
Cindy,Fellow,cfellowqe@shinystat.com,53966 Corben Park,Staff Accountant IV,Poland,Pushto
Corry,Bickerdike,cbickerdikeqf@dell.com,8 Autumn Leaf Street,Structural Engineer,China,Turkish
Raynard,Hudghton,rhudghtonqg@globo.com,572 Eliot Point,Physical Therapy Assistant,Colombia,Yiddish
Blinni,Lumb,blumbqh@youku.com,34478 Jenifer Lane,Project Manager,Serbia,Walloon
Pamella,Fernley,pfernleyqi@barnesandnoble.com,14587 Clyde Gallagher Circle,Research Nurse,Czech Republic,"Bokmål, Norwegian"
Yasmin,Lytlle,ylytlleqj@prlog.org,395 Waywood Parkway,Assistant Media Planner,Indonesia,Mongolian
Harvey,Cambden,hcambdenqk@nsw.gov.au,88643 Spaight Alley,Registered Nurse,Argentina,Limburgan
Leona,Swapp,lswappql@mediafire.com,67 Pennsylvania Drive,Chief Design Engineer,Cuba,Korean
Afton,Joriot,ajoriotqm@sakura.ne.jp,3 Grim Junction,Research Assistant I,Mexico,Swati
Angelo,Date,adateqn@hatena.ne.jp,855 Ludington Point,Accountant II,Philippines,Luba-Katanga
Isabeau,Eastcott,ieastcottqo@seesaa.net,9462 Bellgrove Hill,Food Chemist,China,Welsh
Harrietta,Thomkins,hthomkinsqp@slate.com,75 Dixon Circle,Programmer Analyst II,Indonesia,Interlingua (International Auxiliary Language Association)
Iain,Soro,isoroqq@nymag.com,8260 Bartelt Lane,Project Manager,Ecuador,Ndonga
Sophie,Sawday,ssawdayqr@webnode.com,844 Ilene Point,Mechanical Systems Engineer,South Africa,Ossetian
Thomas,Borrowman,tborrowmanqs@zimbio.com,655 Dakota Court,Programmer Analyst III,Thailand,Ndonga
Basilius,Trynor,btrynorqt@bloglines.com,7112 Hazelcrest Point,Senior Financial Analyst,Botswana,Czech
Ursuline,Jansky,ujanskyqu@loc.gov,9 Dixon Circle,Human Resources Manager,New Zealand,Haitian
Stevy,Cranmer,scranmerqv@mozilla.com,42 Aberg Way,Internal Auditor,Finland,Estonian
Katusha,Woolger,kwoolgerqw@chronoengine.com,84 Ludington Court,Nurse Practicioner,Ukraine,Abkhazian
Anitra,Sayton,asaytonqx@1688.com,9263 Anderson Way,Sales Associate,Brazil,Chuvash
Bron,Shuter,bshuterqy@miibeian.gov.cn,473 Parkside Alley,Physical Therapy Assistant,Namibia,Sindhi
Fielding,de Savery,fdesaveryqz@senate.gov,7 Monica Court,Geological Engineer,China,Pali
Rod,Dreelan,rdreelanr0@si.edu,5707 Corben Crossing,Web Developer I,Brazil,Bosnian
Joel,Fillery,jfilleryr1@g.co,53 Daystar Place,Geologist I,Russia,Bislama
Waylan,Goodsir,wgoodsirr2@hexun.com,147 Kingsford Circle,VP Quality Control,Czech Republic,Akan
Prentice,Eagell,peagellr3@state.tx.us,62 Debs Parkway,VP Sales,Poland,Hindi
Nathalie,Tacker,ntackerr4@mozilla.org,72 Starling Point,Occupational Therapist,Portugal,"Ndebele, North"
Nathanial,Van de Vlies,nvandevliesr5@indiatimes.com,48628 Fulton Alley,Librarian,China,Telugu
Lianna,Tallowin,ltallowinr6@webs.com,38 Northfield Court,Analog Circuit Design manager,Argentina,Luba-Katanga
Berkeley,Adshead,badsheadr7@miitbeian.gov.cn,808 Forest Dale Trail,Biostatistician III,Ukraine,Spanish
Sayers,Rutt,sruttr8@mlb.com,607 Dryden Place,Design Engineer,Poland,Herero
Valdemar,Mussetti,vmussettir9@g.co,896 Crowley Court,Web Developer II,Venezuela,Pali
Fredelia,Wythill,fwythillra@loc.gov,9 Clyde Gallagher Junction,Structural Analysis Engineer,Tajikistan,Chechen
Mal,Hugonnet,mhugonnetrb@prnewswire.com,5109 Surrey Alley,Help Desk Technician,Thailand,Tamil
Nedda,Brager,nbragerrc@blogtalkradio.com,77 Riverside Crossing,Software Consultant,Indonesia,Tajik
Merrilee,Olman,molmanrd@nature.com,35 Drewry Pass,Senior Sales Associate,Indonesia,Oromo
Bettine,Bertram,bbertramre@mlb.com,31735 Old Shore Park,Nurse,Poland,Hiri Motu
Melosa,Sprakes,msprakesrf@blogs.com,8 Spaight Alley,Help Desk Technician,Indonesia,Aragonese
Bronnie,Huckerbe,bhuckerberg@dedecms.com,020 Farmco Circle,Sales Representative,United States,Tagalog
Christel,Ingreda,cingredarh@msn.com,506 Columbus Place,Junior Executive,Colombia,Irish
Addy,Garstang,agarstangri@jiathis.com,7 Kingsford Parkway,Sales Associate,United States,Tamil
Jesse,Lempel,jlempelrj@behance.net,01 Bowman Avenue,Project Manager,China,Slovak
Michaeline,Jansson,mjanssonrk@boston.com,23 Packers Crossing,Research Nurse,Pakistan,Russian
Corinne,Jahnel,cjahnelrl@state.tx.us,06782 Westerfield Pass,Geological Engineer,China,Nauru
Clayson,Bampforth,cbampforthrm@google.co.uk,19965 Vahlen Point,Help Desk Operator,Brazil,Interlingua (International Auxiliary Language Association)
Patrizius,Fraanchyonok,pfraanchyonokrn@nba.com,08 Northport Hill,Senior Developer,Sweden,Breton
West,Craigie,wcraigiero@nytimes.com,344 Mcbride Alley,Assistant Manager,Russia,Romanian
Carmine,Mea,cmearp@tamu.edu,37 Dawn Point,Sales Representative,China,Turkmen
Emelia,Wetwood,ewetwoodrq@google.de,3889 Norway Maple Plaza,Web Designer II,Russia,Ido
Kassi,Lovatt,klovattrr@columbia.edu,8 Comanche Street,Senior Quality Engineer,China,Latvian
